exam-52071.doc,1. 「一、各王侯可以自行決定其統治區內的臣民信仰；二、新教可以保留在1552年以前握有的教會財產；三、羅馬教會的主教改變信仰時須放棄其教區；四、除路德教派外，禁止其他教派。」以上條款規定於那一條約或法案？ ,"['權利法案 ', '西發里亞和約 ', '奧古斯堡和約 ', '沃爾姆斯宗教協定。']",(C)
exam-52071.doc,2.	以下關於戰爭及其影響的配對，何者符合事實？　,"['伯羅奔尼撒戰爭：波斯征服希臘世界\u3000', '赤壁之戰：曹操完成中國統一 ', '英法百年戰爭：戰後兩國俱成焦土，遭西班牙占領 ', '三十年戰爭：宗教寬容獲得承認，近代外交原則建立。']",(D)
exam-52071.doc,3.	1618年，神聖羅馬帝國皇帝的兩名特使在進行宗教談判時，被對手依照懲罰叛國者的習俗，從窗口拋出落入壕溝，成為接下來為哪場戰爭的導火線？ ,"['百年戰爭 ', '三十年戰爭 ', '玫瑰戰爭 ', '西班牙王位繼承戰爭。']",(B)
exam-52071.doc,4.	他有「天上哥倫布」之稱，也是把望遠鏡望向天空的第一人；他發現太陽黑子和銀河，推翻亞里斯多德「天體是完美球體」的理論，並且證明「日心說」的正確。請問這人是 ,"['克卜勒 ', '伽利略 ', '牛頓 ', '哥白尼。']",(B)
exam-52071.doc,5.	宗教改革之後新教教派紛立，其中那一派的教義主張在世間努力工作以光耀神，受到工商業者的歡迎？ ,"['路德派 ', '喀爾文派\u3000', '英國國教派 ', '耶穌會。']",(B)
exam-52071.doc,6.	他雖是啟蒙運動的代表人物之一，但卻不強調絕對理性。他認為道德的基礎是良感而非理性，要求人追尋更深的宗教經驗。因此他既是啟蒙時代的反動者，也是浪漫主義的先驅。請問他是？ ,"['伏爾泰 ', '洛克 ', '孟德斯鳩 ', '盧梭。']",(D)
exam-52071.doc,7.	亞當．斯密被譽為經濟學之父，他的主張被後來的學界稱為「古典經濟學」。以下敘述中，何者符合其大作《國富論》的立場？　      ,"['個人在追求自身最大利益的同時，也提高了社會的整體福利 ', '社會的財富僅限於土地，而且無法創造更多的財富 ', '經濟研究的重點應該在於整體國民經濟，由政府來主導各類事務，以期經濟資源與國民勞務能充分利用\u3000', '解放工人階級的工作必須由工人階級自己來克服。']",(A)
exam-52071.doc,8.	明末士大夫徐光啟受耶穌會傳教士影響而受洗為基督徒，並曾對基督宗教下一評語：「余嘗謂其教必可補儒易佛，而其緒餘更有一種格物窮理之學。」此語反映出何種歷史現象？ ,"['耶穌會傳教士將宗教與學術研究相結合，此種傳教策略相當成功 ', '天主教傳入中國後改變中國文化的本質 ', '宗教改革後教士重新評價東方的文化和宗教 ', '新教教義有助於科學研究的進展。']",(A)
exam-52071.doc,9.	「某部書籍完成於『三十年戰爭』時，它顯示宗教戰爭對於近代歐洲列國與國際秩序的影響」，請問此書名是 ,"['愚人頌 ', '論法的精神 ', '戰爭與和平法 ', '九十五條論證。']",(C)
exam-52071.doc,10.請問明代以後，中國糧食生產量增加的主因是什麼？ ,"['可耕地增加而人口未增 ', '大規模動亂的減少 ', '繁殖力強之新作物的引進 ', '西方機械化農耕技術的引進與推廣。']",(C)
exam-52071.doc,11.一位歷史人物說：「自然及其法則晦隱不明；上帝說，待牛頓出，乃得闡微發覆。」這是說明牛頓的什麼貢獻？ ,"['提出「歸納法」，作為研究科學的普遍法則 ', '使科學不再是神學之附庸 ', '將宇宙萬象納入機械法則中 ', '將理性的原則延伸至啟蒙運動。']",(C)
exam-52071.doc,12.學者指出，有間公司，在十五、十六世紀時經常處理教會的財經業務，並在中歐一帶代理「大赦」(贖罪券)的銷售，甚至資助查理五世競選神聖羅馬帝國皇帝，因此取得美洲開礦的特權。這間公司是 ,"['荷蘭聯合東印度公司 ', '英國聯合東印度公司 ', '麥地奇銀行 ', '富格爾銀行。']",(D)
exam-52071.doc,13.「宗教改革」與「科學革命」是促使西方更進一步發展的兩件大事，二者均加強西方文化中的何種精神？ ,"['反抗權威，肯定個人能力 ', '強調理性，反對任何宗教熱忱 ', '相信理性、科學可以為人類找到永恆的真理 ', '相信認識上帝是體悟真理的唯一途徑。']",(A)
exam-52071.doc,14.十六〜十七世紀歐洲流行重商主義，各國王室普遍認為財富就是囤積貴重金屬，因此中南美洲的黃金白銀不斷地流入歐洲；尤其是流入某國，導致此國物價上漲，連稅收也改成徵銀。請問某國最可能是 ,"['美國 ', '印度 ', '中國 ', '菲律賓。']",(C)
exam-52071.doc,15.十八世紀時，歐洲流行「沙龍」(salon)文化，此一風潮的具體表現為何？ ,"['對中國文化的狂熱與研究 ', '文人哲士於聚會中探討各種問題 ', '女權運動與女性意識的興起 ', '評鑑並創作藝術作品。']",(B)
exam-52071.doc,16.十六、十七世紀，毛織業成為英國的主要生產事業，對羊毛需要量急劇增加。於是，富豪、地主使用暴力或退佃方法把農民從土地上趕走，然後把土地圈圍起來變為牧場，從事大規模的牧羊活動。此一史實反映當時英國農村的那一項變動？　,"['以土地為資產的貴族放棄土地而另謀出路\u3000', '資本主義的經濟影響農村生產，農村逐漸脫離中古以來自給自足的經濟型態\u3000', '強而有力的中央政府直接控制農村，君主權力逐漸凌駕國會之上\u3000', '農村人口大量減少，貴族失去經濟優勢，轉向城市發展商業。']",(B)
exam-52071.doc,17.歐洲許多博物館裡，收藏了不少中國古瓷器，如青花瓷、彩瓷。上面除了有中國的圖像，也有不少當時歐洲的景象。試判斷這些瓷器西傳與下列那一事件發生在同一時期？ ,"['景教東傳 ', '馬可波羅東來 ', '耶穌會士東來 ', '一戰與二戰間的「戰間期」。']",(C)
exam-52071.doc,18.以下是關於倫敦的一段敘述：「猶太人的咖啡店裡，從威尼斯與阿姆斯特丹來的深色眼睛的人，互相地打著招呼並兌換錢幣；在天主教的咖啡店裡，新教徒相信耶穌會的會員在喝咖啡時是在計畫另一場大火，並鑄造銀彈來射擊國王。」這段敘述不應該早於何時？　,"['十六世紀初 ', '十七世紀末 ', '十八世紀初 ', '十八世紀末。']",(A)
exam-52071.doc,19.比較培根與笛卡兒的成就，二者最大的差異點是什麼？ ,"['歷史發展解釋的不同 ', '知識建立過程的分歧 ', '在科學史的地位高低 ', '重理論與重應用的差別。']",(B)
exam-52071.doc,20.宗緯去電影院欣賞盧貝松執導的〈聖女貞德〉，這部影片的時代背景應該是 ,"['十字軍東征 ', '英法百年戰爭 ', '西班牙無敵艦隊征英 ', '三十年戰爭。']",(B)
exam-52071.doc,21.十七世紀中至十九世紀中的兩百年間，對日本影響最大的西方國家是 ,"['英國 ', '荷蘭 ', '葡萄牙 ', '西班牙。']",(B)
exam-52071.doc,22.有一國家的統治者實施開明專制，積極支持地主階級，使他們成為國家的中堅；選拔優秀人才進入政府服務，形成有效率的文官集團。國家又建立強大的陸軍，逐漸發展成為強權。這個國家應是 ,"['彼得大帝時的俄羅斯 ', '明治維新以後的日本 ', '腓特烈大帝統治下的普魯士 ', '張居正主政的中國。']",(C)
exam-52071.doc,23.十六世紀時，英國的國王也推行宗教改革運動，以下何者為其改革的重點？ ,"['提出〈九十五條論證〉 ', '否定教宗的權威 ', '廢除了主教制度 ', '實施政教分離。']",(B)
exam-52071.doc,24.科學革命時代是歐洲歷史的轉捩點，此時期約當中國的何時？ ,"['唐末宋初 ', '宋元之際 ', '明末清初 ', '清末民國初。']",(C)
exam-52071.doc,25.林羅山是十七世紀日本的知名儒學家，他曾為幕府將軍德川家康講學，並帶動王公貴族學習儒家思想的風氣。他曾說：「人除了把握現實生活、為主盡忠、為父母盡孝外，別無他途可尋。」從這句話來看，林羅山為幕府所重的主因為何？　,"['其說可以帶動學術研究風氣\u3000', '其說可使中日維持良好關係\u3000', '其說對穩定社會倫理有所助益\u3000', '其說可使日本代替中國為儒家思想重鎮。']",(C)
exam-52071.doc,26.霍布斯和洛克的政治思想都被公認是合乎科學方法，因為他們的思考方式都具有下列那一種特點？ ,"['解決了社會起源的問題 ', '反對政府的絕對權威，嚴厲地批判政府 ', '肯定自由及財產的重要 ', '要建立人類行為及政治活動的普遍準則。']",(D)
exam-52071.doc,27.簽定《西發利亞條約》後，鏊戰三十年的宗教戰爭終告落幕，雖然歐洲人在這場戰爭裡慢慢的學會宗教寬容這件事，但這一場長期的戰爭卻也造成何地的凋零，重創了該地的經濟與社會？ ,"['義大利 ', '西班牙 ', '法國 ', '神聖羅馬帝國。']",(D)
exam-52071.doc,28.臺灣開港後來臺的傳教士以長老教會為大宗，請問該教會為基督新教的哪一支派所產生？ ,"['胡斯教派 ', '喀爾文教派 ', '英國國教派 ', '路德教派。']",(B)
exam-52071.doc,29.孟德斯鳩主張「三權分立」，其主要用意為何？ ,"['使人民有權推翻專制的政府 ', '防止權力濫用以保障人民的天賦人權 ', '使全民都能參與政治 ', '使人們放棄自己的權利，交託給強而有力的統治者。']",(B)
exam-52071.doc,30.西班牙為地理大發現後的早期殖民帝國之一，關於其商業發展與擴張，以下何者正確？ ,"['殖民地全在中南美洲 ', '帶動了麥地奇銀行家族的發達 ', '使歐洲出現了「物價革命」 ', '以東印度公司為核心的向外擴張。']",(C)
exam-52071.doc,31.以下哪些戰爭與英國有關？ ,"['百年戰爭 ', '玫瑰戰爭 ', '三亨利之戰 ', '三十年戰爭。']","(A,B)"
exam-52071.doc,32十六世紀下半葉，荷蘭人從土耳其輾轉引進鬱金香，而後掀起培植和搶購新品種的狂熱，加上有心人士的炒作，許多人因此一夕致富。但在1637年，鬱金香的花價崩盤(跌幅超過99%)，許多人面臨破產與身敗名裂的窘境。這些現象，反映了當時荷蘭及歐洲文明的那些特徵？ ,"['農業種植由糧食作物轉為利潤高的經濟作物\u3000', '農業技術與商業文明的結合\u3000', '資本主義逐漸成形，人們著重投資，以謀利為主 ', '民族主義高漲，荷蘭人熱愛自己的國花。']","(A,B,C)"
exam-52071.doc,33.到了十六世紀末，歐洲社會存在著那些現象？ ,"['信仰自由已經成為共識\u3000', '女巫迫害仍相當嚴重\u3000', '金銀的供應量較前一世紀有明顯提升\u3000', '只有少數人理解新的科學成果。']","(B,C,D)"
exam-52071.doc,34.牛頓曾說：「我之所以有今天的成就，是因為我站在巨人的肩膀上，所以能看得更高，望得更遠。」他所謂的巨人是指下列何人？　,"['波以耳 ', '托勒密 ', '伽利略 ', '克卜勒。']","(C,D)"
exam-52071.doc,35.以下的各項學說，那些是屬於啟蒙運動思想家的？ ,"['反對的只是教會組織，但仍然認為宗教是人類的終極希望 ', '自由、平等是天賦人權 ', '理性主義：以理性為依歸，不盲從傳統或既有的權威\u3000', '人類必須有追求言論與表達思想的自由。']","(B,C,D)"
exam-52137.doc,1、中世紀以來那一個地點是基督徒朝聖的主要目的地？,"['巴格達', '君士坦丁堡', '耶路撒冷', '羅馬']",(C)
exam-52137.doc,2、自從那一帝國滅亡之後，歐洲商業走向蕭條之狀，之後伊斯蘭教徒控制地中海，東西貿易更受到嚴重之打擊，西方歐洲實際已經變成封閉的農業社會？,"['西羅馬帝國', '查理曼帝國', '東羅馬帝國', '神聖羅馬帝國']",(A)
exam-52137.doc,3、一位聰明人對自己說：「看啊！我已經發現了一個偉大的真理，我必須把自己的知識告訴別人。」一旦他能在那裡聚集起幾個聽眾，他便開始不辭辛勞的、不吝口舌地傳布他的思想，某日天公不作美，老師講在興頭上，突然下起雨來；於是學生意猶未盡地轉移至某地下室繼續講演，這就是那一組織的起源？,"['行商', '沙龍', '大學', '商幫']",(C)
exam-52137.doc,4、「在消失數百年後，商業再度獲得新的生命。首先是東西方的國際貿易，……商業復甦的結果，是城市生活的發展和中產階級的興起。」請問以下那個解讀較適當？,"['所描述的是中古前期歐洲經濟、社會的發展狀況', '所描述的是中古後期歐洲商業復甦影響城市興起', '東西方的國際貿易，是指歐洲人繞過好望角與東方貿易', '文中的中產階級，主要是指莊園的領主']",(B)
exam-52137.doc,5、教宗烏爾班二世在會議上向聚集在場外的大批聽眾作了著名的演說：「你們登上參拜聖墓的征途吧！把聖地從邪惡的民族手裡奪回來……凡這裡過著悲慘和貧窮生活的人，到那裡就可以富裕了。」聽眾一致高呼：「上帝的意旨！上帝的意旨！」請問文中所指「登上參拜聖墓的征途」應是指,"['十字軍東征', '英法百年戰爭', '美國獨立戰爭', '三十年戰爭']",(A)
exam-52137.doc,6、美洲本土文明毀滅的原因與那件事件有關連？,"['文藝復興', '蒙古西征', '十字軍東征', '哥倫布發現新大陸']",(D)
exam-52137.doc,7、美洲有一個古代民族，以玉米為主食，飼養火雞與狗，用以食肉，其文明發展以宗教為重心，留下許多雄偉的梯形金字塔式的祭壇，其文字系統甚為奇特，是由許多不同的神明和鬼怪的頭像做符號組成，是一種象形文字，而且使用二十進位的數學，這個民族創造的文明是？,"['馬雅文明', '印加文明', '阿茲特克文明', '埃及文明']",(A)
exam-52137.doc,8、埃及最偉大的建築物是金字塔，中南美洲馬雅文明或是阿茲特克文明亦有金字塔的建築物，請問其蓋金字塔的目的為何？,"['宗教信仰', '政治目的，證明國君的統治力', '經濟目的，解決過多的勞動力', '軍事目的，展現國力']",(A)
exam-52137.doc,9、鄭和與哥倫布都是人類史上重要的航海家，哥倫布開啟了歐洲人的視野，而鄭和下西洋卻未能擴張中國人對海洋事業的吸引力，主要原因為？,"['鄭和下西洋只帶著濃厚的政治目的，哥倫布的航海事業則帶著強烈的好奇心', '明成祖支持鄭和下西洋的行動，但是成祖之後的皇帝則不支持此航海事業，因為耗費太多國力；哥倫布發現新大陸之後，從中南美洲獲取不少利益，反而激起歐洲各國競相參與的野心', '因為倭寇之亂及東北地區女真的崛起導致鄭和下西洋的事業被迫終止，反觀哥倫布的航海事業則是由西班牙王室不斷支持\u3000', '東林黨爭使鄭和成為政爭之下的犧牲者，哥倫布則由王室大力贊助一切開銷']",(B)
exam-52137.doc,10、十七世紀初歐洲最大的貿易公司為荷蘭聯合東印度公司，他在亞洲何地建立其東方總部？,"['印度的孟買', '印尼的雅加達', '印度的加爾各達', '越南的交阯']",(B)
exam-52137.doc,12、明太祖朱元璋本人因出身卑微，在性格方面出現雙重人格，對待老百姓是親民愛民的形象；但是對待大臣，則是不留任何情面，他的何種手段是折辱士人的？,"['黨錮', '文字獄', '薙髮令', '以八股文應試']",(B)
exam-52137.doc,13、「泰姬馬哈陵」是印度重要的觀光景點，「泰姬馬哈陵」的名稱取自「慕塔芝‧馬哈」皇后頭銜，意思是「思念馬哈」。慕塔芝‧馬哈皇后與當時的君王結褵十九年，生育十四個子女，1630年在生產後就去世，臨終前要求君王不得再娶。請問這位國君是誰？,"['阿克拜', '巴卑爾', '沙賈汗', '帖木兒']",(C)
exam-52137.doc,14、他原是農夫之子，因生性機敏，深受織田信長的信任，織田信長逐漸提拔他成為一名優秀之統帥。在織田信長遇刺之後，他以優異之手腕，迅速平定群雄之爭，成為完成日本統一的第一人。他是？,"['德川家康', '明智光秀', '豐臣秀吉', '武田信玄']",(C)
exam-52137.doc,15、日本史上的那次變革企圖將中國制度移植至日本之內？,"['大化革新', '明治維新', '大正民主', '立憲運動']",(A)
exam-52137.doc,16、十世紀時，一位阿拉伯學者到西歐去旅遊考察。他對西歐的觀感，最可能是下列哪一項？,"['對西歐的大學林立感到驚訝', '對統一西歐的強大政權印象深刻', '對西歐經濟和城市的繁榮讚賞不已', '對西歐的落後和民俗鄙陋大加批評']",(D)
exam-52137.doc,17、「國家的利益高於一切。為此，我們可以用盡一切手段來維持政治權力與國家的利益，道德和宗教規範都是不切實用的。」這是文藝復興時代，何人提出的觀念？,"['洛克', '盧梭', '孟德斯鳩', '馬基維利']",(D)
exam-52137.doc,18、下列哪件事情不能算是十字軍發動以後，基督教在歐洲及近東的擴張？,"['條頓騎士團在東北歐的活動', '地中海東岸出現若干個拉丁封建王國', '英法百年戰爭', '西班牙將伊斯蘭教逐出伊比利半島']",(C)
exam-52137.doc,19、十一世紀末以後，歐洲某一地區的商人自英國進口羊毛，製成羊紡品後又銷往英國，獲利極豐。紡織業加上原有的農牧業帶動了該地區的經濟發展：境內的各種手工業、商業及銀行業都開始興盛，城鎮居民的社會力量日益增高。試判斷這應是指哪一地區？,"['法蘭德斯', '義大利北部', '西班牙', '日耳曼地區']",(A)
exam-52137.doc,20、隨著新舊大陸的互動往來，哪一種原屬於美洲的風土疾病竟在歐洲大陸流行，造成極大的困擾？,"['天花', '傷寒\u3000', '麻疹', '梅毒']",(D)
exam-52137.doc,21、麻六甲的山丘上，有著十六世紀留傳下來的一座教堂和一些西方式的建築，從歷史背景推測，它們應是什麼人興建的？,"['葡萄牙人', '西班牙人', '荷蘭人', '英國人']",(A)
exam-52137.doc,22、關於拉丁美洲三大古文明特色的敘述，何者說明較為正確？,"['三大文明皆歷史悠久', '均有進步的文字，詳細記載他們的歷史', '宗教在其社會裡均占有極重要的地位', '全都在十六世紀上半葉被西班牙人先後滅亡']",(C)
exam-52137.doc,23、西元十六世紀時，歐洲物價大幅上揚，這場物價革命最主要的起因為何？,"['貴族大量拋售土地', '黑死病折損大量人口', '工商業者蓄意哄抬物價', '美洲白銀大量流入歐洲']",(D)
exam-52137.doc,24、西元十一世紀以後，歐洲商人急於打通東方貿易的主要原因為何？,"['歐洲遭逢黑死病的侵襲，需要東方藥物的支援', '歐洲中央集權的強國與伊斯蘭國家合作，拓展在近東的疆域', '歐洲出現了強大的民族國家，王室支持商人發展貿易，以充裕國庫', '歐洲商業復甦，城巿興起，對東方貨物有一定的需求']",(D)
exam-52137.doc,25、西元十六世紀時，葡萄牙王室為了獨占東方海上貿易，在何處設「東印度總督」，強化對亞洲海域的掌控，確保珍貴商品的壟斷？,"['澳門', '麻六甲', '東印度群島', '印度']",(D)
exam-52137.doc,26、「中古時代，他在中亞的撒馬爾罕設立國都，除了經營壯麗堂皇的宮殿之外，還建造許多伊斯蘭寺院和教育設施，加上各地優秀工匠聚集於此，使國都工商業非常繁盛。」請問：此位統治者是誰？,"['成吉思汗', '忽必烈', '窩闊臺', '帖木兒']",(D)
exam-52137.doc,27、「儘管塞爾柱土耳其人最後成功奪回巴勒斯坦的控制權，他們的力量卻因不斷地與十字東作戰而被消耗。除此，他們也受到暗殺團（伊斯蘭教的異端宗派）的活動所威脅就在這個精疲力竭和虛弱的時期裡，他們在入侵者的攻擊下驟然崩潰。巴格達在1258年淪陷於入侵者之手，而塞爾柱人的帝國也告消失。」請問：這段文字中的入侵者為何？,"['鄂圖曼人', '波斯人', '蒙古人', '阿拉伯人']",(C)
exam-52137.doc,28、中國和日本一樣，在遭受西方商業和基督教的直接衝擊後，先是接受調適，最後卻將之驅離，閉關自守。請問：有關這兩國面臨這段過程的敘述，何者說法錯誤？,"['最先到達中國和日本的，都是葡萄牙人', '鎖國並非全都不對外開放，像日本就准荷商在長崎活動，而英國人要到中國貿易，只能透過廣州行商代理', '中國閉關自守的時間比日本早', '兩國閉關自守的局面全都在十九世紀中葉被打開，英艦迫使中國開放通商，美艦則強行闖入浦賀港']",(C)
exam-52137.doc,31、以下哪些是中世紀時的學校機構？,"['英國皇家學會', '學術基爾特', '主教座堂學校', '巴黎大學']","(B,C,D)"
exam-52470.doc,2. （　）西元　1940　年邱吉爾對英人說：「我們將再度證明我們能保衛我們的家，挺過戰爭的驚濤駭浪……即使巨大的歐洲土地和許多古老而聲威素著的國家都垮了臺……我們將支持到底……我們永不投降。」邱吉爾此話的背景是　,"['姑息主義英法懦弱的表現，英人感到屈辱\u3000', '珍珠港事變，士氣大衰\u3000', '德國對倫敦實行疲勞轟炸，英國情勢危急\u3000', '德蘇大戰爆發，美國武器供應源源不絕。']",(C)
exam-52470.doc,3. （　）西元　1933　年德國納粹黨希特勒取得政權，任內閣總理，實行極權專制；希特勒取得政權的方式是　,"['非法的，是他發動政變強取的\u3000', '合法的，納粹躍居全國第一大黨，根據憲法，他理應出來組閣\u3000', '非法的，他發動五萬黨徒進軍柏林脅迫搶奪的\u3000', '合法的，為因應經濟蕭條，總統特別情商請出希特勒助德度過難關。']",(B)
exam-52470.doc,4. （　）一次世界大戰後，全世界面臨著「世界經濟大恐慌」的挑戰，美、英、法等國仍保持原有的民主政治；但德、義、日三國卻走上獨裁之路，其原因是　,"['美、英、法為民主國家，政權操在國會手中，不可能走向獨裁之路\u3000', '德、義、日三國均為君主政體，憲政體制很容易為君王破壞\u3000', '英、美、法經濟條件較德、義、日好，且擁有廣大的國內市場和殖民地，較容易以經濟方式解決困境，德、義、日則只好用政治方式解決經濟困境\u3000', '德、義、日政治實權操在軍人手中，軍方握有決定內閣的人事權。']",(C)
exam-52470.doc,5. （　）二次世界大戰後，世界形勢最重大的變化表現在哪一方面？,"['歐洲勢力在戰爭中受到嚴重削弱\u3000', '美國成為資本世界頭號強國\u3000', '蘇聯在政治軍事上成為唯一能與美國抗衡的國家\u3000', '美、蘇兩極格局取代以歐洲為中心的國際關係格局。']",(D)
exam-52470.doc,6. （　）有一份資料記載著：八路軍由原來不到五萬人，擴充到五十多萬人；新四軍由一萬人擴充到十一萬人；控制的縣市由五十多個，擴充到五百九十個。這份資料可以解讀為　,"['中共擅長對日抗戰\u3000', '中共擅長在敵後游擊區作戰\u3000', '中共利用八年抗戰期間積極發展勢力\u3000', '「新四軍事件」後，中共得到全國人民的同情。']",(C)
exam-52470.doc,7. （　）美蘇冷戰期間，雙方在歐洲的對峙是以一種怎樣的形式出現？　,"['體育結盟：美國←→蘇聯\u3000', '經濟結盟：歐洲共同市場←→東歐經濟聯盟\u3000', '文化結盟：東正教文明←→基督教文明\u3000', '軍事結盟：北大西洋公約組織←→華沙公約組織。']",(D)
exam-52470.doc,8. （　）八年抗戰初期，曾受日本人誘惑，在南京建立傀儡政權的人是　,"['汪兆銘\u3000', '溥儀\u3000', '曹汝霖\u3000', '張學良。']",(A)
exam-52470.doc,10. （　）二次大戰後，有位政治家即指出「從波羅的海的斯德丁到亞得里亞海邊的里雅斯特，一幅縱貫歐洲大陸的鐵幕已經降下，……假如西方民主國家能堅持《聯合國憲章》的理念，團結合作，他們將可使任何國家都不敢破壞聯合國的規範。但如果西方國家無法團結或善盡這個職責，讓這個重大時刻消逝，那麼災難將降臨到我們全體。」請問，他所擔憂的是什麼樣的國際情勢發展？　,"['德國對東歐的威脅\u3000', '日本在亞太的崛起\u3000', '義大利對衣索比亞的侵略\u3000', '蘇俄在東歐的擴張。']",(D)
exam-52470.doc,11. （　）英法兩國部分政治家為何對德國併吞奧國、占領蘇德臺區的作為，認為並非純屬侵略行為；但對德國的進攻波蘭卻認為是侵略行為，而對德宣戰。這種對同是「侵略他國」的行為，卻有著不一致看法的主要思維根據是　,"['民族自決主張\u3000', '政治實力的消長\u3000', '經濟力量的大小\u3000', '均衡觀念的改變。']",(A)
exam-52470.doc,12. （　）老師舉某國為例，說明二次大戰後世界情勢的發展，在黑板上列舉了三項該國的特色，分別是「俄國在西半球的第一個基地」、「冷戰危機引爆點」、「堅持延續社會主義路線」，老師所敘述最可能是哪個國家？,"['北韓', '智利', '德國', '古巴。']",(D)
exam-52470.doc,14. （　）史家描述第二次世界大戰中各國領袖的性格：邱吉爾「有想像力但不穩定」，羅斯福「天真而喜歡喊口號」，他們並不比「往往情緒失常而暴怒」的希特勒更明智。對於這種說法，以下理解何者較為適當？　,"['這位史家的說法是對歷史事實的客觀陳述，可以採信\u3000', '這個說法只是這位史家的片面的主觀意見，不足採信\u3000', '這是史家從特定角度評論歷史人物的結果，可以作為參考\u3000', '可見當時各國領導人都不明智，因而掀起第二次世界大戰。\u3000']",(C)
exam-52470.doc,17. （　）美國與蘇聯的崛起是二十世紀的大事，雙方歷經衝突、冷戰、和平談判，直到蘇聯瓦解。綜觀兩國的外交史，有歷史學家曾對某一事件下了如下註解：「蘇聯外交成功的最高點，相對地，也是美國姑息政策的最高峰。」請問他應是討論哪一事件？　,"['雅爾達會議\u3000', '韓戰\u3000', '越戰\u3000', '911危機。\u3000']",(A)
exam-52470.doc,18. （　）為了對抗共黨勢力在亞洲的擴張，以美國為主導，與東亞及東南亞地區的若干國家成立了集團安全體系，時間是在　,"['中共控制大陸以後，韓戰爆發以前\u3000', '韓戰爆發以後，美國參加越戰以前\u3000', '美國參加越戰以後，共黨控制越南、柬埔寨、寮國以前\u3000', '共黨控制越南、柬埔寨、寮國以後，美國承認中共政權以前。\u3000']",(B)
exam-52470.doc,19. （　）在第二次世界大戰結束後，德國被分成東德與西德的原因是什麼？　,"['德國曾挑起兩次世界大戰，聯合國為避免德國再啟戰端，決定加以瓜分\u3000', '冷戰期間，美、英、法三國與蘇聯在德國領土對峙的結果\u3000', '國內納粹陣營與反納粹陣營之間的內戰造成國家分裂\u3000', '國內的兩大民族日耳曼民族與斯拉夫民族衝突，造成國家分裂。\u3000']",(B)
exam-52470.doc,20. （　）一位年輕旅行者敘述自己的生活經驗：「小時候，每天走過一個廣場上學，可以看到馬克思與列寧的銅像，後來銅像拆了，國歌換了，就連使用的錢也改了。原本哪裡都不可以去，現在可以在世界各地旅行。倒是最近又換了一種錢，還不太適應。」根據你的歷史知識，這位年輕旅行者最可能來自哪裡﹖　,"['東德\u3000', '美國\u3000', '北韓\u3000', '日本。']",(A)
exam-52470.doc,21. （　）《國家地理雜誌》於　2003　年　7　月有一篇報導：「有一場戰爭拆散了超過七百萬人的家庭，其中許多人在戰爭期間逃往南方，自　1953　年起，交戰雙方切斷了郵件、電話和旅遊等所有往來，直到　2000　年，一場歷史性高峰會議後，才有一千二百個家庭經歷了悲喜交集的短暫團聚，另外還有超過十萬個家庭列在等候名單中。……」請問這應是下列哪一場戰爭所造成的悲劇？　,"['韓戰\u3000', '波斯灣戰爭\u3000', '越戰\u3000', '以阿戰爭。\u3000']",(A)
exam-52470.doc,22. （　）某一時間與事件後，中國曾與美國訂立〈中美抵抗侵略互助協定〉，中國政府表示：願接受《大西洋憲章》中所包含之宗旨及原則，美國政府也同意給予中國援助，以抵抗侵略。這裡所指的時間與侵略是　,"['\u30001914\u3000年日本利用世界大戰爆發出兵山東\u3000', '\u30001931\u3000年日本發動九一八事變\u3000', '\u30001937\u3000年日本發動七七事變\u3000', '\u30001941\u3000年日本發動太平洋戰爭。\u3000']",(D)
exam-52470.doc,23. （　）「我們的行動綱領是：一、揚棄〈凡爾賽條約〉；二、團結全國人民；三、開發國土，發展農業。」這是近代一個政治運動領袖的宣言，他應是　,"['墨索里尼\u3000', '列寧\u3000', '希特勒\u3000', '邱吉爾。\u3000']",(C)
exam-52470.doc,24. （　）一部小說描述：載滿美軍到臺灣休假的美國軍艦停泊在基隆，許多人開始學習英語，熱誠招待美軍，以賺取外匯。這個現象最可以是哪一個時期？　,"['太平洋戰爭後期\u3000', '韓戰時期\u3000', '中美斷交時期\u3000', '八二三砲戰時期。\u3000']",(B)
exam-52470.doc,25. （　）一位政治人物曾表示：「如果義大利向多瑙河、巴爾幹擴張，會造成歐洲戰爭，如果他們在非洲沙漠通行無阻，或者就能安靜下來。」這種說法的思想背景為何？　,"['十二世紀十字軍東征時羅馬教宗鼓動戰爭時的計畫\u3000', '十六世紀義大利計畫對外擴張時對法國遊說的說詞\u3000', '十八世紀拿破崙計畫併吞歐洲時採行的義大利政策\u3000', '二十世紀前半葉法國政府領導人主張的姑息義大利政策。\u3000']",(D)
exam-52470.doc,26. （　）二十世紀的前半期發生過兩次世界大戰，對世局的發展都造成鉅大的影響。以下有關這兩次世界大戰的比較，何者正確？　,"['戰勝國都對戰敗國要求龐大懲罰性的戰爭賠償\u3000', '美國外交政策在戰後都走向「孤立主義」\u3000', '戰後世界都發生了影響深遠的經濟大恐慌\u3000', '戰後的世局都出現民主與極權的並立現象。\u3000']",(D)
exam-52470.doc,27. （　）德國政府說：「美國人對世界文明的唯一貢獻就是發明了口香糖及可口可樂。」同一時期，日本政府宣傳：「進口可口可樂就等於進口了美國社會的病毒。」這種說法應是何時出現？　,"['\u30001917\u3000年美國宣布對德作戰時\u3000', '\u30001942\u3000年太平洋戰爭爆發之後\u3000', '\u30001973\u3000年石油經濟危機發生時\u3000', '\u30001990\u3000年全球討論關稅協定之後。']",(B)
exam-52470.doc,30. （　）鮑勃迪倫在「Like a Rolling Stone」中激憤的唱出：「這是什麼感覺／這是什麼感覺／獨自一人無依無靠找不到回家的方向／完全沒有人知道／你就像一顆滾動不止的石頭。」將當時美國一整個世代年輕人的徬徨與無奈都傾洩而出。美國著名社會學家拉斯奇曾中肯地指出：「□年代的政治動盪，但有力地動搖了文化不可受財富和權力分配的影響而獨立發展這一幻覺，他也就大大削弱了上流文化和大眾文化之間的區別，並使大眾文化成了人們嚴肅討論的對象。」□應是指哪一年代？　,"['\u30001950\u3000年代\u3000', '\u30001960\u3000年代\u3000', '\u30001970\u3000年代\u3000', '\u30001980\u3000年代。']",(B)
exam-52470.doc,31. （　）電影《七月四日誕生》描述一位原本對人生充滿光明期許的美國青年，因為參戰而奪去了他的健康和前途，他變得意志消沉，最後轉變成投入反戰陣容的狂熱分子，1972　年於邁阿密舉行的共和黨全國代表大會中，他企圖闖進去卻被警衛推倒在地，他勇敢的反擊，並高呼口號，將影片帶入了高潮……。請問這部電影的時代背景為何？　,"['波斯灣戰爭\u3000', '第二次世界大戰\u3000', '韓戰\u3000', '越戰。\u3000']",(D)
exam-52470.doc,32. （　）二十世紀初期，歐洲發生這樣的文化變遷：「巴黎、柏林或倫敦的嗜好和說話腔調，傳布到國內最遙遠的鄉村。根深蒂固的地方文化開始被全國性文化取代，各國生活方式也愈來愈受到國際消費文化的影響。」下列何者是促成這種變化的主要媒介？　,"['報紙和廣播\u3000', '鐵路與飛機\u3000', '電視和電影\u3000', '網路與漫畫。\u3000']",(A)
exam-52470.doc,34. （　）有關「大眾文化」出現於何時，學術界的看法頗為紛歧，有人認為在工業革命後，也有認為是在戰間期，亦有認為是在二次大戰結束後。有位學者提出以下的見解說道：雖然各種看法不盡相同，但是工業化與都市社會是大眾文化形成的條件，因為它將人類由生產結構帶往消費結構，進而催生大眾文化。該學者並認為：「這種活動（按：指消費活動）在　1960　年代之後的美國社會中表現的最為明顯，特別是在□普及之後更成為風氣。因此許多人都將大眾文化視同為美國文化。」仔細思索該學者的見解，文中□應是指何種發明？　,"['電影\u3000', '電視\u3000', '電話\u3000', '電腦。\u3000']",(B)
exam-54955.doc,2.	廷沂讀到一段資料如下：「……死亡不是生命的結束，而是永恆的開端……你看，春去秋來，無非等著收成，死亡或復活，不過是宇宙秩序的一部分罷了，有什麼好擔憂呢？」從上述的內容可研判，這段資料最能符合下列哪一種民族的思維？  ,"['蘇美人\u3000', '埃及人\u3000', '希臘人\u3000', '希伯來人。']",(B)
exam-54955.doc,37.	有學者發現非洲有一支極小的部落，「每年召集成員集會投票，將任何一位可能對部落有危險的住民予以驅離，十年內不得回到部落裡。」這種制度精神與古代雅典制度極為相像。請問這個制度是在何人執政時制訂的？　,"['伯里克里斯\u3000', '克里斯提尼\u3000', '梭倫\u3000', '修昔的底斯。']",(B)
exam-54993.doc,5. 臺灣歷史上第一次舉行的民主選舉是在何時？ ,"['1885 年 ', '1935 年 ', '1945 年', '1996 年。']",(B)
exam-54993.doc,13. 下列何者是日本南方的共榮圈中心？ ,"['高雄港 ', '基隆港 ', '臺中港 ', '花蓮']",(A)
exam-54993.doc,重新載圖,"['19. 表一是 1912 年到 1921 年間有關臺灣的一項統計，這個表的主題應當為何？ ', '\xa0', '適齡學童的就學率 ', '家用電話的普及率']",(A)
exam-54993.doc,34. 下列哪一個地名與日本統治有關？ ,"['臺中烏日 ', '臺北公館 ', '花蓮豐田 ', '']",(C)
exam-55000.doc,重新載圖,"['5、下表是美國在 2004 年針對幾個國家的一項調查所做的統計，這個表的標題最可能是 ', '\xa0', '女性占全部就業人口比例 ', '全國人口的自然年增加率']",(D)
exam-55003.doc,1、(  )	十九〜二十世紀之交，在巴爾幹半島地區競爭最激烈的國家為何？ ,"[' 奧國與俄國 ', ' 俄國與德國 ', ' 法國與德國 ', ' 奧國與法國 ']",(A)
exam-55003.doc,2、(  )	有人說：「一次大戰是一場沒有勝利者的戰爭。」以下敘述何者最適合為這句話做註腳？ ,"[' 因為戰後召開了和會 ', ' 因為戰爭最後以談和收場 ', ' 因為戰後形成了更嚴重的問題 ', ' 因為戰爭使許多人喪命 ']",(C)
exam-55003.doc,3、(  )	研究二十世紀的經濟史，可以發現在1930年代時，資本主義出現了重大變化，此一變化是指什麼？ ,"[' 市場的自由程度更高 ', ' 資本主義被完全拋棄 ', ' 政府開始干預經濟活動 ', ' 共產主義與資本主義出現相容 ']",(C)
exam-55003.doc,5、(  )	兩次大戰期間，美國長期維持外交孤立的政策，之所以如此的原因為何？ ,"[' 憲法裡的具體規定 ', ' 歐洲對美國崛起而產生的敵意 ', ' 朝野對一次大戰的檢討 ', ' 對極權政治與共產主義的恐懼 ']",(C)
exam-55003.doc,7、(  )	從政黨的特質加以考察，以下選項何者可能是義大利法西斯黨的政治信條？ ,"[' 自由、平等、博愛 ', ' 信仰、服從、戰鬥 ', ' 民有、民治、民享 ', ' 生命、自由、財產 ']",(B)
exam-55003.doc,8、(  )	德國與義大利在一次大戰之後都衍生了極權政治，請問二者有何共同背景？ ,"[' 二者都是戰敗國 ', ' 二者的經濟都陷入困境 ', ' 二者都仇視猶太人 ', ' 二者都是共和政體的失敗作品 ']",(B)
exam-55003.doc,10、(  )	「和平、土地、麵包」，是那一時期俄國民眾的訴求？ ,"[' 1904年 ', ' 1917年 ', ' 1945年 ', ' 1968年 ']",(B)
exam-55003.doc,11、(  )	從1917年的年初到年尾，俄國政權歷經了什麼樣的演變？ ,"[' 君主立憲→民主共和→軍事獨裁 ', ' 民主共和→王政復辟→共產極權 ', ' 君主專制→民主共和→共產黨政權 ', ' 君主專制→民主共和→王政復辟 ']",(C)
exam-55003.doc,12、(  )	中國的五四運動、朝鮮的三一運動及臺灣的議會設置請願運動，就這些運動的外部影響而言，主要受下列何者影響所致？ ,"[' 極權政治興起 ', ' 全球經濟恐慌 ', ' 社會主義勃興 ', ' 民族自決主張 ']",(D)
exam-55003.doc,13、(  )	一位學者提到二十世紀初的歷史時說：「亞洲一個小王國對歐洲一個強大國家的勝利是近代史上的一個轉折點，這一事件給整個殖民地世界以巨大的希望和極大刺激，……使各地被壓迫民族激動不已。」這位學者所說的「小王國」為何？ ,"[' 印度 ', ' 日本 ', ' 中國 ', ' 土耳其 ']",(B)
exam-55003.doc,17、(  )	「皇上年紀很小就登基，適值革命軍興，因為不忍兵禍才決定退位」、「大日本帝國仗義興師，驅逐張氏。」因此「建立新邦」，日本率先承認。請問此處的「張氏」係指誰？ ,"[' 張勳 ', ' 張群 ', ' 張作霖 ', ' 張學良 ']",(D)
exam-55003.doc,18、(  )	一位臺人回憶：「當時我在小學擔任教職，這一天中午休息時，一位身穿雪白軍服的海軍軍官走進來對我說：『當老師的教學生忠君愛國、為國犧牲的教條，你有沒有跟今天受體檢的人一樣，也有志願從軍的勇氣？』當時我不敢說不，就這樣被迫簽上志願書。」根據歷史知識，判斷敘述中的「這一天」發生在何時？ ,"[' 1937年的年初 ', ' 1940年的年初 ', ' 1943年的年中 ', ' 1945年的年底 ']",(C)
exam-55003.doc,19、(  )	有一個多民族國家，在十九世紀初時還統治了四千萬人，但境內的塞爾維亞人及希臘人開始反抗。其後，境內的民族衝突不斷，1844年時有人以「垂死的人」稱之。克里米亞戰爭時，這個國家損失了不少國土，後來，列強又蠶食其他的領土。到二十世紀初，才有一些受過西方教育的年輕軍官起來號召救國運動。這個國家是,"['俄國', '南斯拉夫', '奧匈帝國', '土耳其 ']",(D)
exam-55003.doc,21、(  )	那一條款簽訂之後，德國便有恃無恐，於1939年派兵入侵波蘭，揭開二次大戰的序幕？ ,"[' 凡爾賽和約 ', ' 九國公約 ', ' 洛桑條約 ', ' 德蘇互不侵犯條約 ']",(D)
exam-55003.doc,22、(  )	請問美國加入二次大戰的原因為何？ ,"[' 日本偷襲珍珠港 ', ' 蘇聯推行共產主義至世界各地，威脅美國的生存空間 ', ' 義大利入侵衣索比亞，美國為正義而戰 ', ' 遭逢經濟大恐慌的影響，美國透過對外擴張以轉移國內經濟不景氣的焦點 ']",(A)
exam-55003.doc,23、(  )	邱吉爾曾經嚴厲批評某人的外交政策，他說：「讓你在戰爭與恥辱之間作一抉擇，你選擇了恥辱，而你將來還得進行戰爭。」請問他是不滿何人的何項政策？ ,"[' 威爾遜──民族自決 ', ' 李頓調查團──九一八事變 ', ' 張伯倫──綏靖政策 ', ' 羅斯福──新政 ']",(C)
exam-55003.doc,24、(  )	二次大戰之後所成立的「聯合國」在推動全世界各項合作業務相當積極；不過那一局勢之演變後，頓時使這個和平組織的運作，變得窒礙難行？ ,"[' 第三世界的興起 ', ' 核子彈的研發 ', ' 美國的退出 ', ' 冷戰 ']",(D)
exam-55003.doc,25、(  )	二次大戰之後，國際的共產勢力在亞洲獲得大幅度的擴展，其中有史家曾言：「亞洲共黨之得勢，以中國大陸易色為起點，而中國大陸之易色，導源於□。」請問□應填入何者？ ,"[' 開羅會議 ', ' 德黑蘭會議 ', ' 雅爾達會議 ', ' 巴黎和會 ']",(C)
exam-55003.doc,26、(  )	以下何者的擬定，其目的在以美國的經濟援助促成歐洲的經濟復甦，由經濟復甦轉為社會安定，以社會安定的力量來抵制共黨勢力的擴張？ ,"['開羅會議 ', ' 聖斯泰法諾條約 ', ' 馬歇爾計畫 ', ' 十四點計畫 ']",(C)
exam-55003.doc,27、(  )	二次大戰後那一個組織可說是歐洲的自衛體系，其目標在抵制紅禍勢力的蔓延。請問此組織是 ,"[' 北大西洋公約組織 ', ' 華沙公約組織 ', ' 歐洲煤鋼組織 ', ' 美洲國家組織 ']",(A)
exam-55003.doc,28、(  )	某一城市在二戰後被敵對的意識型態所籠罩，蘇聯切斷前往西方國家三個占領區的通道，而美國亦進行回擊，他們通過前所未有的空運向西方占領區的兩百萬居民提供糧食與生活必需品。這是二戰後的那一場危機？ ,"[' 韓戰 ', ' 越戰 ', ' 柏林危機 ', ' 古巴危機 ']",(C)
exam-55003.doc,29、(  )	1946年曾任英國戰時首相之邱吉爾於訪美途中發表演說指出「北自波羅的海之斯泰汀起，南迄亞德里亞海之的里雅斯特為止，已經垂下一道縱貫歐洲的鐵幕」，所謂的「鐵幕」意指為何？ ,"[' 西方英美國家 ', ' 戰後新被蘇俄占領的東歐諸國 ', ' 曾受帝國主義殖民的亞非國家 ', ' 二次大戰後的戰敗國 ']",(B)
exam-55003.doc,30、(  )	美國自十八世紀末脫離英國成為一獨立之國家，在外交方面一直奉行何種主義，以避免捲入歐洲複雜的局勢；但事與願違，歷經兩次世界大戰之後的美國，已經在國際事務中扮演重要之角色？ ,"[' 進步主義 ', ' 孤立主義 ', ' 杜魯門主義 ', ' 門戶開放政策 ']",(B)
exam-55021.doc,7. 日本｢鎖國時期｣唯一開放的港口是何處？ ,"['神戶 ', '京都 ', '橫濱 ', '長崎']",(D)
exam-55021.doc,16.拜占庭藝術的題材大都來自 ,"['傳說神話 ', '政治事件 ', '宗教故事 ', '現世生活']",(C)
exam-55021.doc,27.日本鎖國時期稱西方學說為何？ ,"['南蠻之學 ', '蘭學 ', '古學 ', '經學']",(B)
exam-55021.doc,28.乾隆年間規定與外國通商口岸只限： ,"['廣州 ', '上海 ', '泉州 ', '廈門']",(A)
exam-55029.doc,1、(  )	十九〜二十世紀之交，在巴爾幹半島地區競爭最激烈的國家為何？ ,"[' 奧國與俄國 ', ' 俄國與德國 ', ' 法國與德國 ', ' 奧國與法國 ']",(A)
exam-55029.doc,2、(  )	有人說：「一次大戰是一場沒有勝利者的戰爭。」以下敘述何者最適合為這句話做註腳？ ,"[' 因為戰後召開了和會 ', ' 因為戰爭最後以談和收場 ', ' 因為戰後形成了更嚴重的問題 ', ' 因為戰爭使許多人喪命 ']",(C)
exam-55029.doc,3、(  )	研究二十世紀的經濟史，可以發現在1930年代時，資本主義出現了重大變化，此一變化是指什麼？ ,"[' 市場的自由程度更高 ', ' 資本主義被完全拋棄 ', ' 政府開始干預經濟活動 ', ' 共產主義與資本主義出現相容 ']",(C)
exam-55029.doc,8、(  )	德國與義大利在一次大戰之後都衍生了極權政治，請問二者有何共同背景？ ,"[' 二者都是戰敗國 ', ' 二者的經濟都陷入困境 ', ' 二者都仇視猶太人 ', ' 二者都是共和政體的失敗作品 ']",(B)
exam-55029.doc,12、(  )	中國的五四運動、朝鮮的三一運動及臺灣的議會設置請願運動，就這些運動的外部影響而言，主要受下列何者影響所致？ ,"[' 極權政治興起 ', ' 全球經濟恐慌 ', ' 社會主義勃興 ', ' 民族自決主張 ']",(D)
exam-55029.doc,13、(  )	一位學者提到二十世紀初的歷史時說：「亞洲一個小王國對歐洲一個強大國家的勝利是近代史上的一個轉折點，這一事件給整個殖民地世界以巨大的希望和極大刺激，……使各地被壓迫民族激動不已。」這位學者所說的「小王國」為何？ ,"[' 印度 ', ' 日本 ', ' 中國 ', ' 土耳其 ']",(B)
exam-55029.doc,18、(  )	一位臺人回憶：「當時我在小學擔任教職，這一天中午休息時，一位身穿雪白軍服的海軍軍官走進來對我說：『當老師的教學生忠君愛國、為國犧牲的教條，你有沒有跟今天受體檢的人一樣，也有志願從軍的勇氣？』當時我不敢說不，就這樣被迫簽上志願書。」根據歷史知識，判斷敘述中的「這一天」發生在何時？ ,"[' 1937年的年初 ', ' 1940年的年初 ', ' 1943年的年中 ', ' 1945年的年底 ']",(C)
exam-55029.doc,19、(  )	有一個多民族國家，在十九世紀初時還統治了四千萬人，但境內的塞爾維亞人及希臘人開始反抗。其後，境內的民族衝突不斷，1844年時有人以「垂死的人」稱之。克里米亞戰爭時，這個國家損失了不少國土，後來，列強又蠶食其他的領土。到二十世紀初，才有一些受過西方教育的年輕軍官起來號召救國運動。這個國家是,"['俄國', '南斯拉夫', '奧匈帝國', '土耳其 ']",(D)
exam-55029.doc,21、(  )	那一條款簽訂之後，德國便有恃無恐，於1939年派兵入侵波蘭，揭開二次大戰的序幕？ ,"[' 凡爾賽和約 ', ' 九國公約 ', ' 洛桑條約 ', ' 德蘇互不侵犯條約 ']",(D)
exam-55029.doc,22、(  )	請問美國加入二次大戰的原因為何？ ,"[' 日本偷襲珍珠港 ', ' 蘇聯推行共產主義至世界各地，威脅美國的生存空間 ', ' 義大利入侵衣索比亞，美國為正義而戰 ', ' 遭逢經濟大恐慌的影響，美國透過對外擴張以轉移國內經濟不景氣的焦點 ']",(A)
exam-55029.doc,23、(  )	邱吉爾曾經嚴厲批評某人的外交政策，他說：「讓你在戰爭與恥辱之間作一抉擇，你選擇了恥辱，而你將來還得進行戰爭。」請問他是不滿何人的何項政策？ ,"[' 威爾遜──民族自決 ', ' 李頓調查團──九一八事變 ', ' 張伯倫──綏靖政策 ', ' 羅斯福──新政 ']",(C)
exam-55029.doc,24、(  )	二次大戰之後所成立的「聯合國」在推動全世界各項合作業務相當積極；不過那一局勢之演變後，頓時使這個和平組織的運作，變得窒礙難行？ ,"[' 第三世界的興起 ', ' 核子彈的研發 ', ' 美國的退出 ', ' 冷戰 ']",(D)
exam-55029.doc,25、(  )	二次大戰之後，國際的共產勢力在亞洲獲得大幅度的擴展，其中有史家曾言：「亞洲共黨之得勢，以中國大陸易色為起點，而中國大陸之易色，導源於□。」請問□應填入何者？ ,"[' 開羅會議 ', ' 德黑蘭會議 ', ' 雅爾達會議 ', ' 巴黎和會 ']",(C)
exam-55029.doc,26、(  )	以下何者的擬定，其目的在以美國的經濟援助促成歐洲的經濟復甦，由經濟復甦轉為社會安定，以社會安定的力量來抵制共黨勢力的擴張？ ,"['開羅會議 ', ' 聖斯泰法諾條約 ', ' 馬歇爾計畫 ', ' 十四點計畫 ']",(C)
exam-55029.doc,27、(  )	二次大戰後那一個組織可說是歐洲的自衛體系，其目標在抵制紅禍勢力的蔓延。請問此組織是 ,"[' 北大西洋公約組織 ', ' 華沙公約組織 ', ' 歐洲煤鋼組織 ', ' 美洲國家組織 ']",(A)
exam-55029.doc,28、(  )	某一城市在二戰後被敵對的意識型態所籠罩，蘇聯切斷前往西方國家三個占領區的通道，而美國亦進行回擊，他們通過前所未有的空運向西方占領區的兩百萬居民提供糧食與生活必需品。這是二戰後的那一場危機？ ,"[' 韓戰 ', ' 越戰 ', ' 柏林危機 ', ' 古巴危機 ']",(C)
exam-55029.doc,29、(  )	1946年曾任英國戰時首相之邱吉爾於訪美途中發表演說指出「北自波羅的海之斯泰汀起，南迄亞德里亞海之的里雅斯特為止，已經垂下一道縱貫歐洲的鐵幕」，所謂的「鐵幕」意指為何？ ,"[' 西方英美國家 ', ' 戰後新被蘇俄占領的東歐諸國 ', ' 曾受帝國主義殖民的亞非國家 ', ' 二次大戰後的戰敗國 ']",(B)
exam-55029.doc,30、(  )	美國自十八世紀末脫離英國成為一獨立之國家，在外交方面一直奉行何種主義，以避免捲入歐洲複雜的局勢；但事與願違，歷經兩次世界大戰之後的美國，已經在國際事務中扮演重要之角色？ ,"[' 進步主義 ', ' 孤立主義 ', ' 杜魯門主義 ', ' 門戶開放政策 ']",(B)
exam-55036.doc,1. 下列有關馬雅文明的敘述，何者正確？　,"['這個文明廣泛的分布在安地斯山脈之上\u3000', '馬雅文明是個強悍的中央集權國家，支配眾多的奴隸\u3000', '這個文明在十六世紀上半，遭西班牙滅亡\u3000', '馬雅人有零的觀念，用一種既表音又表意的文字。']",(D)
exam-55036.doc,2. 阿明想成為一名工匠，但在當時必須從學徒開始學習，在成為職工後，須通過「基爾特」的考核，才能成為獨當一面的師傅。這種情形最早出現在歐洲史上哪一個時期？　,"['希臘羅馬時期\u3000', '中世紀後期\u3000', '文藝復興之時\u3000', '工業革命剛發生之前。']",(B)
exam-55036.doc,3. 何以在鄭和之後，中國的航海事業未能持續？　,"['明朝注意力為北方外患所吸引，航海對中國人來說是可有可無的\u3000', '因為支持他航海的明成祖去世\u3000', '中國的造船技術及航海能力遇到瓶頸，無力突破\u3000', '因為歐洲人發現新航路，中國可以直接與西方接觸。']",(A)
exam-55036.doc,4. 在「天地人」一劇中，大名上杉景勝與其妻愛姬長期分離，甚至連臨終的最後一面也見不到，是由於哪一個政策？　,"['士農分離\u3000', '禁教鎖國\u3000', '幕藩體制\u3000', '參覲交代。']",(D)
exam-55036.doc,5. 由於近代國家常常面臨對外戰爭的威脅，因此各國成立國家武力。請問：下列敘述何者錯誤？　,"['由地方軍事首長直接指揮軍隊\u3000', '使用統一的武器、制服與旗號\u3000', '組訓職業化的常備軍隊\u3000', '武力不再私有，戰爭變成國家行為。']",(A)
exam-55036.doc,6. 以下有關但丁《神曲》的描述，何者正確？　,"['這是一本中世紀神學理論集大成的著作\u3000', '他對基督教信仰的評斷與解釋，迥異於傳統教會的價值\u3000', '這本書對中世紀時莊園內百姓的生活多所著墨，成為研究中古歐洲社會史很好的資料來源\u3000', '它是一本極富特色的騎士文學，保留許多中世紀時的英雄事蹟。']",(B)
exam-55036.doc,7. 十四世紀時，阿茲提克帝國發動對外戰爭的主因是什麼？　,"['為了逃避北方印地安人的侵略\u3000', '生性好戰\u3000', '為增加稅收和納貢的來源\u3000', '內部爆發瘟疫，不得不向外發展。']",(C)
exam-55036.doc,8. 十五世紀中葉，文藝復興擴散到阿爾卑斯山以北，稱「北區的文藝復興」，研究初期教會的文獻，探討原始基督教的活動，以掌握基督教的真精神。其中一位荷蘭學者主張：基督徒應學耶穌，過簡樸、道德的宗教生活；批評教會的腐敗，主張回到使徒時代的儉樸教會。請問：他是誰？　,"['威克里夫\u3000', '伊拉斯默斯\u3000', '馬丁路德\u3000', '喀爾文。']",(B)
exam-55036.doc,9. 「這種新的文化理想，事實上雖不一定容易達到，但是卻成為此後歐洲各國人文教育的基本理想，對整個歐洲文化的發展有相當深遠的影響。」請問：人文學者提倡哪一種教育？　,"['自由教育\u3000', '職業教育\u3000', '神學教育\u3000', '菁英教育。']",(A)
exam-55036.doc,10. 印地語及巫獨語迄今仍是印度和巴基斯坦的通用語言，其由來是　,"['這是葡萄牙語與印度河流域土語所融合而成的語言\u3000', '英國在進入印度後，利用羅馬拼音讀北印地方方言所出現的新語言，情況猶如臺灣在十九世紀以後所發展出的白話字\u3000', '在蒙兀兒帝國的統治下，蒙兀兒的官方波斯語與印度土語互相融合以後所形成的新語言\u3000', '印地語是千百年來印度河流域所使用的語言；巫獨語則是由南部德干高原傳入的外來語。']",(C)
exam-55036.doc,11. 他是一位政治哲學家，認為唯有強人才有辦法統治自私的人民和分裂的社會，君王可以以詭詐、暴力手段維持權力，成為近代政治思想的經典。這是哪一學者在哪一著作中的主張？　,"['摩爾《烏托邦》\u3000', '伏爾泰《論世界各民族之精神及其風格》\u3000', '韓非《韓非子》\u3000', '馬基維利《君王論》。']",(D)
exam-55036.doc,12. 下列關於中古歐洲大學的課程，哪一項敘述是錯誤的？　,"['大學的課程分為基礎與進階\u3000', '選擇進一步修習「高級」課程，畢業後可以從事相關行業\u3000', '課程內容符合人文主義\u3000', '學生修完七藝，就可以申請教學執照，到各地去教書。']",(C)
exam-55036.doc,13. 下列關於鄂圖曼帝國統治方式的敘述何者是錯誤的？　,"['統治階層由蘇丹、丞相、官僚與軍隊構成\u3000', '所有官員，無論軍職或文職，都授有軍階\u3000', '以血腥手段統治國家，政權基礎不穩固\u3000', '是個中央集權的軍事政權。']",(C)
exam-55036.doc,14. 哪一種人在十一世紀中葉掌握了阿拔斯王朝的實權，以伊斯蘭教護法自居，讓好不容易得到舒緩的伊斯蘭教與基督教的關係再陷緊強，逼使教皇發動十字軍東征？　,"['鄂圖曼土耳其人\u3000', '塞耳柱土耳其人\u3000', '阿拉伯人的奧瑪雅王朝\u3000', '波斯人。']",(B)
exam-55036.doc,15. 十五世紀末以來的海外探險活動，對全世界帶來的文化衝擊是一種雙向的互動，而在文化交流中較具負面影響的是　,"['飲食習慣的交流\u3000', '宗教的交流\u3000', '人性與道德的交流\u3000', '傳染病的交流。']",(D)
exam-55036.doc,16. 印度史上著名的蒙兀兒王朝，自1526年開始的300餘年間，不論在軍事、政治、藝術等各方面，都有相當傑出的成就，藝術方面更是為後人所推崇，而建築正是集各種藝術精華於一身。請問：是由誰所建立的？　,"['沙賈汗\u3000', '帖木兒\u3000', '阿克巴\u3000', '巴布爾。']",(D)
exam-55036.doc,17. 位在墨西哥高原上的阿茲提克帝國流傳著一則預言：「白羽神的降臨，是為了懲罰人民，同時也意謂著帝國即將滅亡。」誰想到，這個預言竟然實現了。他們在十六世紀所看到的「白羽神」，應是哪一個領導者所帶領的少數軍隊？　,"['比札羅\u3000', '狄亞士\u3000', '亞美利哥\u3000', '科特茲。']",(D)
exam-55036.doc,18. 科舉制度創於隋，完備於唐，從哪一朝代後，朝廷正式以朱熹的《四書集注》為考試命題的標準，建立起官方儒學的權威？　,"['南宋\u3000', '元\u3000', '明初\u3000', '清初。']",(B)
exam-55036.doc,19. 在歐洲人海外探險的風潮中，什麼叫做「高貴的野蠻人」？　,"['指的是中國人，雖然中國宗教觀念淡薄，但道德水準不輸歐洲人\u3000', '這是歐洲人自我省思後的認知，自慚跟不上亞洲的文明\u3000', '這是部分歐洲人對美洲原住民純潔無邪、道德高尚的讚譽\u3000', '這是對鄂圖曼土耳其人的批評，說其高貴，是指其物質文明不差，說其野蠻，是因他們排斥基督教。']",(C)
exam-55036.doc,20. 義大利是文藝復興運動的發源地。請問：下列相關敘述何者不正確？　,"['隨處可見羅馬古蹟文物，易引發思古之幽情\u3000', '伊斯蘭學者前來講學，更把希臘語文的研究帶進義大利\u3000', '城邦之間互相競爭，爭奇鬥豔，提供個人發揮才華的機會\u3000', '政治分裂，政府干預力不強，社會創造力得以充分發揮。']",(B)
exam-55036.doc,21. 蒙古人稱基督教為十字教，基督徒為耶里可溫，他們與教廷呈現怎樣的關係？　,"['極端對立，基督教遭到打壓\u3000', '採寬容態度，教廷多次派教士到中國傳教\u3000', '雖然准在中國流通，但洋人教士不得傳教\u3000', '教士先得向蒙古皇帝宣誓效忠，才能在華活動。']",(B)
exam-55042.doc,1. 基督教早期受羅馬帝國迫害，後成為國教且快速傳播。下列地區接受基督教的時間請按先後排序。　,"['近東、義大利半島、西歐、東歐\u3000', '義大利半島、近東、東歐、西歐\u3000', '近東、東歐、西歐、義大利半島\u3000', '近東、東歐、義大利半島、西歐。']",(A)
exam-55042.doc,2. 有關基督教的描述正確的是？（甲）保羅使基督教成為普世信仰（乙）君士坦丁大帝時，使基督教成為羅馬國教，羅馬主教取得教宗地位（丙）基督教的成功，其有系統的教會，與井然有序的行政組織佔極大因素。此體制的形成是源自羅馬行政組織（丁）電影《暴君焚城錄》主角尼祿，是首度對基督教教徒，進行大規模迫害的羅馬皇帝（戊）路加福音「預備主的道，修直祂的路」，領導「救世主運動」為耶穌預備合用百姓的聖者，是遭希律王殺害的約翰　,"['甲乙丙丁\u3000', '乙丙丁戊\u3000', '甲丙丁戊\u3000', '甲乙丁戊。']",(C)
exam-55042.doc,3. 中古西歐教會維持無政府時的社會秩序，敘述正確的是？　,"['10世紀「天主的休戰」是禁止貴族戰爭中侵犯農商平民的生命財產\u3000', '3世紀後發展的修院體制以聖本篤會規最著名\u3000', '西元6世紀修會提倡「工作即祈禱」，「工作」內容是到各地散播福音\u3000', '西羅馬滅亡後，查理曼首度再將西歐一統，西元962年請教宗加冕，可見中古前期政教合作與教會的權威。']",(B)
exam-55042.doc,4. 關於中古西歐政治社會制度，正確的是？　,"['中西歷史常交互影響，如東漢驅逐匈奴政策，就間接導致西羅馬滅亡\u3000', '中古歐洲農奴就像奴隸毫無人權\u3000', '國家主權淪於私人，領主與附庸關係奠基於血緣\u3000', '莊園是獨立政治單元亦是農村共同體，集體耕作並運用刀耕火種農技。']",(A)
exam-55042.doc,5. 拜占庭帝國的成就影響，那選項內容較正確?　,"['西元9世紀歐洲第二波蠻族遷徙，此時斯拉夫人受拜占廷影響接受羅馬公教\u3000', '使拜占廷文化屬性與西羅馬不一樣的文化要素是希臘文化\u3000', '又稱民法大全的《查士丁尼法典》保留兩河法律菁華，成為歐洲法學淵源\u3000', '羅馬皇帝戴克里先，因波斯而常駐守東方，並將帝國分為東西兩部。']",(D)
exam-55042.doc,6. 此國家是西方文明、東方野蠻世界，與神權統治、世俗政權混體。實施統制經濟與專賣，雖用政策改善農民生活但地主仍坐擁多數土地，發行金幣重量從未達宣稱4.55克，卻於4~7世紀信用非凡，到11世紀未曾貶值。此國是？　,"['拜占庭\u3000', '伊斯蘭\u3000', '土耳其\u3000', '查理曼 帝國。']",(A)
exam-55042.doc,7. 伊斯蘭文藝成就為？　,"['清真寺裝飾以幾何或穆罕默德肖像為主\u3000', '今日數字系統，是素有文化掮客之稱的阿拉伯人參考馬雅數理所發展\u3000', '西元8世紀，伊斯蘭商業中心大馬士革是世界最繁榮都市\u3000', '享譽古代和穆斯林知識總匯《醫典》，長期醫界奉為權威，作者為伊班辛那。']",(D)
exam-55042.doc,8. 阿拉伯人藉彎刀鐵騎興盛，其創造的特色文明正確的是？　,"['因穆罕默德繼承人爭議，發展出不同教派，以什葉派為主流\u3000', '跨歐亞非版圖，轄地包括中國、阿拉伯半島、北非等\u3000', ' 哈里發制度原是政教合一，世襲化後政教分離\u3000', '黑衣大食設有「智慧堂」的首都，是在伊拉克的開羅。']",(C)
exam-55042.doc,9. 關於阿拔斯王朝敘述，正確的是？　,"['「百年翻譯運動」所翻著作包括希臘科學、拜占庭醫學與印度數學\u3000', '境內商業技術發達，有合組公司以分擔貿易風險，金銀幣普遍流通，並有憑證貿易可取代金銀交易\u3000', '此時波斯和土耳其人對伊斯蘭帝國影響力日增，阿拉伯人則失去優勢，伊斯蘭教卻受到更多人認同「智慧堂」為商業中心\u3000', '法國巴黎支票，可在北非摩洛哥兌現。']",(B)
exam-55042.doc,10. 學者介紹某地豐富的文化資產時，將該地從古以來的宗教信仰比喻成一座房屋。他說：最下層居住的是法老，上一層是亞伯拉罕，再上面一層是基督，最上面一層則是阿拉。這是何地的情況？　,"['開羅\u3000', '麥加\u3000', '大馬士革\u3000', '君士坦丁堡。']",(A)
exam-55042.doc,11. 關於伊斯蘭帝國的奧瑪雅王朝，何者正確？　,"['以土耳其人為核心\u3000', '因是什葉派所建立的帝國，所以政權以選舉的方式傳遞\u3000', '模仿北非埃及文化建立中央化的官僚統治，取代阿拉伯部族的自治傳統\u3000', '阿拔斯王朝建立後，奧瑪雅王朝輾轉逃到西班牙哥多華，重建國家。']",(D)
exam-55042.doc,12. 關於伊斯蘭教下列何者敘述正確？　,"['麥地那的天房是伊斯蘭教聖地，回教徒朝覲時會在天房中繞聖石四周行走七圈以完成儀式，其他信徒則在米納附近朝象徵撒旦的柱子扔擲石塊。\u3000', '阿拉伯人藉著伊斯蘭教，不到百年即建橫跨歐亞非的大帝國。更在擊敗拜占庭艦隊後，霸權擴及東地中海\u3000', '西元622年是伊斯蘭曆法紀年之始，習稱「回曆元年」，這是因為這年發生默罕莫德誕生\u3000', '中國的回教徒回族，他們出現於唐代。但回教經典《古蘭經》卻直到1930年代才有漢文全譯本，主因是回教側重誦讀，忽略對經文含義的理解，並認為《古蘭經》是聖物不宜翻譯。']",(D)
exam-55042.doc,13. 義大利倫巴底某公爵認為，有一件大事急遽改變古老農業生活常規。朝聖旅行幾千里，打仗更是大筆消費，攜帶物品交換已經不可能。公爵為了有現金可用，需向人借錢。所以倫巴底人有不少人從事放債，公爵必須拿封建土地抵押，結果可能是公爵會破產。請問：哪一件大事造成前述現象？　,"['十字軍東征\u3000', '西羅馬滅亡\u3000', '黑死病\u3000', '地理大發現。']",(A)
exam-55042.doc,14. 十三世紀時，歐洲有一座想要實行自治的城市仍在某封建貴族的管轄中。請問：它必須透過下列何種方式，才能取得自治權，成為一個獨立自治的城市？　,"['自行選任官吏\u3000', '制定市民法律\u3000', '自組城市議會\u3000', '取得城市自治特許狀。']",(D)
exam-55042.doc,15. 在圖書館有幾本書封面脫落，當中有本書的章節包括：「個人的發展」、「古典的復興」、「世界和人的發現」、「社會和節慶」等。這本書的書名ㄧ最可能是那一個選項？　,"['《路易十四》\u3000', '《義大利文藝復興文化》\u3000', '《論自由與代議政治》\u3000', '《夢的解析》。']",(B)
exam-55042.doc,16. 關於15、16世紀的文藝復興時代，正確的論述是？（甲）文學家，常徵引古希臘、羅馬論述，來反思、探索人的問題，強調每個人都可創造自己命運。（乙）教會因代替政府日漸富裕，風雅的支持文藝復興，提供資金成為義大利文藝復興最重要的動力（丙）達文西是此時的藝術怪才，他擅長利用直線透視法去捕抓神韻，甚至為了暸解人體結構，跑到墓穴裡挖開棺木，了解人的肌肉。（丁）傳統教會觀點中，庶民、奴隸一定是虛偽矯詐的，而神職人員，特別是教皇、主教，他們篤定優於眾人。不過在但丁《神曲》中，透過作者虛擬的神遊，卻在「地獄」裡看到狡詐教皇，在「天堂」裡看到虔誠奴隸，看法和以前迥然不同（戊）最先是摹仿研究古典語文形式，繼而吸收其思想與精神，最後則創造出新的人生觀，發展以人的價值為中心的教育和學術運動。　,"['甲乙丙丁\u3000', '甲乙丙戊\u3000', '乙丙丁戊\u3000', '甲丙丁戊。']",(D)
exam-55042.doc,17. 中古基督教與伊斯蘭長期對抗中，以下選項描述正確的是？　,"['十字軍是教皇所發起基督聖戰，將基督教與伊斯蘭教對抗，帶入新階段。但這宗教行動始終存在商業糾葛，像佛羅倫斯商人的介入，曾使戰爭轉向，攻打同是基督教的東羅馬帝國\u3000', '西元1492年，西班牙軍隊攻下伊斯蘭教在西歐最後據點格蘭那達，西歐因此重歸基督教的一統\u3000\u3000', '十字軍東征又稱為聖戰，因為參與社會各階層的動機是單純的是宗教因素，意欲光復聖地\u3000', '由於東征軍隊需要大量財源和不斷補給，導致西歐封建制度更加鞏固。']",(B)
exam-55042.doc,18. 中古大學基本上是一種學人「基爾特」，乃教師或學生為保護自身權益而組成的一種社團。請問組織目的是？　,"['方便接受地方政府的資助與政策指導\u3000', '可抵制領主任意調漲地租\u3000', '以使課程內容符合人文主義\u3000', '中古大學提供的「知識山」，一路逐級而上的話，分別會是語法、數學、邏輯、音樂、天文、幾何、修辭，頂峰則是神學。']",(D)
exam-55042.doc,19. 西元十五世紀以後，北義大利衰弱，文藝復興北傳，有關北方文藝復興描述正確的是？　,"['北區文藝復興思想核心是基督教商業主義，認為基督徒致力經商或放貸，可彰顯上帝的榮耀。\u3000', '北方文藝復興發生地點，在義大利北方富庶的商城，如米蘭、威尼斯等\u3000', '這時主張回復使徒時代的儉樸教會的觀念，成為日後宗教改革的思想基礎\u3000', '西元12世紀，法蘭德斯國際性市集的出現。將中古原有的法國香檳區與義北兩大市場連接，更刺激歐洲內陸貿易發展，才使北歐有足夠經濟能力支持文藝復興。']",(C)
exam-55042.doc,20. 西元12世紀歐洲商業復興，所促成的社會變動，以下選項敘述正確的是？　,"['12至14世紀間，歐洲手工業日漸發達，以手工業為基的商人累積資本擴大貿易，促使新式金融業和銀行業應運而生。\u3000', '法蘭德斯一地出現國際性的市集，吸引各地商賈交易。把中古原有的法國香檳區與義北兩市場連接，刺激歐洲內陸貿易\u3000', '封建領主增加了城市的管控權，故有『城市空氣使人自由』一說\u3000', '12世紀以來，歐洲商業復甦，商業資本主義興起，11世紀興起的行會組織為自由的商業資本所取代。']",(A)
exam-55042.doc,21. 中古神學在接觸希臘羅馬的古代思想後，產生了一些轉折，關於這改變正確的論述是？　,"['阿奎那提出「信仰與理性並無衝突，哲學基於理性，信仰基於神的啟示，天啟與哲學之結論若有差異，應是導因於錯誤的推論。」並著有≪是與非≫被稱為時代的叛徒\u3000', '士林哲學家都具嚴謹論述和反覆辯證的特徵。他們的著作是想調合基督教神學與羅馬的律法\u3000', '12世紀，對亞里斯多德哲學崇拜研究，帝國宮廷學校及基督教和主教學校發展出神學與哲學中心。同時，經院哲學促成歐洲大學的建立，使得神學高居萬學之上，而9、10世紀德英兩地，查理曼大帝與亞佛勒大帝重視文教，最古老大學因此在兩地出現\u3000', '12世紀，對柏拉圖主義的崇拜研究，促成經院哲學產生。']",(C)
exam-55042.doc,22. 電影《劫後英雄傳》是以第三次十字軍東征為背景的故事，為了支持這次十字軍東征，西歐發起了全面捐款運動，羅馬教宗下令教士必須捐付特別稅，而英國獅心王理查倡導「薩拉丁（伊斯蘭領袖）什一稅」，向人民課徵特別稅；不久法王腓力二世亦制定了同樣的捐稅。由以上所述可以看出「十字軍東征」對中古歐洲造成何種影響？　,"['東西文化交流\u3000', '對東方物資需求增加\u3000', '西方王權的擴張\u3000', '歐洲人的地理觀念的改變。']",(C)
exam-55042.doc,23. 16世紀時印加帝國疆域遼闊，下列關於印加帝國的敘述哪項正確？　,"['帝國首都在現今的墨西哥\u3000', '曾在瓜地馬拉一地留下階梯式金字塔的神廟建築\u3000', '帝國自古流傳一則預言：「白羽神的降臨，是為了懲罰人民，同時也意謂著帝國即將滅亡。」而最後這預言竟然在16世紀實現了。但他們當時所誤認的「白羽神」其實只是進行海上探險的西班牙人\u3000', '建築上以石頭為材料，廟宇房屋未使用任何黏合劑，接縫卻十分緊密。交通則修建北到哥倫比亞，南達智利的公路網，並在一定處設驛站、堡壘。瑪朱皮克朱城則位於2400多公尺的絕壁上，城內有廟堂、皇宮、軍營，山坡上闢有梯田、並具備下水道和良好的灌溉系統。']",(D)
exam-55042.doc,24. 「為了發展農業創造太陽曆，他們把一年分成十八個月，每月二十天，外加五天為宗教祭日，一年共三百六十五天。……他們的月分名稱均按『播種』和『收割』等農時命名。……，使用『0』這個數學符號。」文中的「他們」是？　,"['印加人\u3000', '馬雅人\u3000', '高棉人\u3000', '越南人。']",(B)
exam-55042.doc,25. 航海時代來臨，新舊大陸互動往來，東西文化交流都日漸密切大，世界各地因此產生的變動是？　,"['歐洲的梅毒，傳入中南美洲，造成印地安人大量死亡\u3000', '歐洲行會因此在16世紀出現，並規定公會與商會調高物價，造成物價革命（Price Revolution）\u3000', '鄭和下西洋，使中國的貴金屬流入歐洲，歐洲各國鑄幣量因此大增\u3000', '部分歐洲人接觸美洲原住民後，對其純潔無邪、道德高尚的讚譽有加，有「高貴的野蠻人」之說。']",(D)
exam-55042.doc,26. 關於15、16世紀葡萄牙的海上探險事業，正確的描述是？　,"['某位探險家是義大利人，自幼熱愛航海。讀過《馬可‧波羅遊記》，嚮往印度、中國。他深信當時盛行的地圓說。先後向各國國王請求資助，以實現西航到達東方的計劃，最後在葡萄牙王室支持下發現了西印度群島。\u3000', '是最早投入航海事業的國家，麥哲倫船隊在1488年繞過非洲南端好望角，抵達印度西岸的卡利庫特城，開拓了從好望角到印度洋新航路\u3000', '為避免天主教國家爆發嚴重利益衝突，教廷介入給予葡萄牙與西班牙保教權，雙方誓言在各自新發現的土地上宣揚基督教義。遂在1494年和1529年分別簽約，新條約中，整個非洲及大部分的亞洲都屬於葡萄牙，但美洲除巴西外則多屬於西班牙。\u3000', '大航海時代來臨後，率先在好望角建立殖民據點。']","(C,D)"
exam-55042.doc,27. 有位學者說：「整個世界經濟秩序在當時（15至19世紀中期）名副其實是以中國為中心。因為以中國為中心的國際秩序……實際上構成了一個多邊的納貢貿易網。同時中國還從這個貿易網以外獲得大量的商品。」請問：這位學者所說的商品指的是：　,"['白銀\u3000', '黃金\u3000', '銅錢\u3000', '紙幣。']",(A)
exam-55042.doc,28. 地理大發現後，歐洲出現了許多新商品，亦促使歐洲物價上漲，下列哪一項歐洲出現的新商品原產美洲？　,"['茶葉\u3000', '咖啡\u3000', '棉布\u3000', '蠶絲。']",(B)
exam-55042.doc,29. 希臘化時代的科學家亞利斯塔克提出太陽中心說、地圓論及地球繞日說的理論，但這些理論直到中古後期與近代才得到印證，如地圓論，由歐洲人以實際的行動證實的時間點就是？　,"['中古教會時代\u3000', '十字軍東征之時\u3000', '航海地理大發現\u3000', '17世紀天文科學革命時。']",(C)
exam-55042.doc,30. 文藝復興時代，西歐大多的君王都愛讀某文藝家的論述，該文藝家在其著作中提到：「國家的利益是高於一切的！我們可以用盡一切手段來維持政治權力與國家的利益，道德和宗教規範都是不切實用的。」，這位文藝家是？　,"['佩脫拉克\u3000', '但丁\u3000', '薄伽丘\u3000', '馬基維利。&nbsp;']",(D)
exam-55048.doc,21. 木村拓哉是十八世紀的日本商人，他應該過著什麼樣的生 活？： ,"['他當時身處在鐮倉幕府時期 ', '幕府倡導朱子 學，他經常研讀朱子的相關書籍 ', '他接受耶穌會傳教士影 響，一家人都信仰基督教 ', '他只能夠去長崎購買葡萄牙人 帶來的西方書籍，吸收世界新知。&nbsp;']",(B)
exam-55737.doc,1中國政府選才以科舉為主V是一套較為客觀公正的方法，也是比較公平的做法。科舉制實施千年之久’亦非一成不變。在明 朝的科舉取士制度則有某些變化，下列何者屬之？ ,"['開始採用分科考試的方式選拔官員', '確立每三年一試的制度 ', '科舉試卷僅從儒家的四書、五經中命題', '在考試方法上開始實行糊名方法。']",(C)
exam-55737.doc,2自某一時代開始，儒者主張以編纂族譜維繫宗族，以設置義田贍養同宗，以建祠堂聯合族屬，並以族長調理族內大事。請問 「某一B寺代」是指何時？ ,"['魏晉', '唐代', '宋代', '明代。']",(C)
exam-55737.doc,3某位學者曾言：「今以貢舉悉朱熹私議，為貢舉之文，不知朱氏之學，可乎？」根據此文，最可能是哪一朝代學者之言？ ,"[' 漢朝', '唐朝', '宋朝', '元朝。']",(D)
exam-55737.doc,4小月正在讀明末的一本小說創作，屬特有的短篇小說形式，書中描繪商人的形象已擺脫錙銖必較的傳統情形，具有新的思想 内涵。商人將本求利，被視為正當謀生與發展手段，……肯定商人、尊重商人的觀念，不限於商人自身，也逐漸滲透到某些 上層人物的想法。請問小月讀的是哪一本書？ ,"['《二拍》', '《紅樓夢》', '《三國演義》', '《聊齋誌異》。']",(A)
exam-55737.doc,6某一幅宋代畫作中，一群人在玩著「捶九」。請問這個競技活動類似今日的什麼運動？ ,"['棒球', '高爾夫球', '足 球', '手球。']",(B)
exam-55737.doc,7中華民國有某部法典的內容節錄如下：「第三條中華民國之領土依從前帝國所有之疆域；第十四條大總統為國之元首總撰統 治權；第三十九條行政以大總統為首長置國務卿一人贊襄之。」請問這應該是哪一•部法典？ ,"['《中華民國臨時政府組織 大綱》', '《中華民國臨時約法》', '《中華民國約法》', '《中華民國訓政時期約法》。']",(C)
exam-55737.doc,9中國近代史專家史景遷，於《追尋現代中國》一書對西域問題有如下評論：「主要駐守寧夏、蘭州的八旗駐軍無力敉平叛亂， 結果，1863〜1864年間，雙方歷經談判、對決、欺騙、詐降與報復等一連串昏天暗地的過程，到了 1866年，火藥匱乏，米 價飆漲，小麥價格數倍於往日。燃料奇缺，馬匹暴斃，兵勇以麵粉加水煮湯果腹。」就在朝廷陷入絕望之際，誰解決了回疆 問題，使新疆至今仍隸屬中國？ ,"['曾國藩', '張之洞', '李鴻章', '左宗棠。']",(D)
exam-55737.doc,10有關白蓮教之亂、太平天國、回變之比較：甲生說：「三個亂事的爆發都在十九世紀。」乙生說：「三個亂事皆相互影響，白 蓮教之亂影響太平天國，太平天國影響回變。」丙生說：「三個亂事都與宗教有關，且皆是傳人的外來宗教。」丁生說：「三 個亂事之影響皆造成地方割據的現象。」請問誰的說法正確？ ,"['只有丙生對', '甲丙生對', '全錯', '乙丁生對']",(A)
exam-55737.doc,12伍德西是英國的外交官，他在戊戌變法期間來到中國。此時他能夠看到或經歷到的有哪些？（甲)到北京拜訪中國外務部(乙） '在上海看到外國商人租賃土地開設工廠(丙)在南京去外國傳教士建立的教堂祈禱(丁)在北京至山海關鐵路沿線要地發現有 外國軍隊駐守,"['(甲）（乙)(丙）', '(甲）(丙)(丁）', '(乙)(丙）', '(甲）（乙）(丙)(丁）。']",(C)
exam-55737.doc,13十九世紀中葉時，當清朝忙於對付太平天國與捻亂時，又遭逢哪一個外患的入侵？ ,"['鴉片戰爭', '英法聯軍', '曰 軍侵臺', '八國聯軍。']",(B)
exam-55737.doc,15某段時間，清廷急電各地疆臣，速派兵赴京共同滅洋。時任兩廣總督的李鴻章，深知國軍力積弱日久，「若不量力而輕於一 試，恐數千年文物之邦，從此已矣」。他給朝廷發一覆電:「此亂命也，粵不奉詔。」請問這件事的時代背景為何？ ,"['清 法戰爭', '英法聯軍', '八國聯軍', '甲午戰爭。']",(C)
exam-55737.doc,16清末漢人要員張之洞曾失望地批判某次變法，他說：「京朝門戶已成，廢弛如故，蒙蔽如故，秀才派如故，窮益加窮，…… 餉竭債重，民愈怒。」請問他是針對哪一次變法結果的失望？ ,"['自強運動', '戊戌變法', '庚子後新政', '立 憲運動。']",(C)
exam-55737.doc,17閱讀下列中外關係的三段資料：甲：「大英欽差各等大員及各眷屬可在京師，或長行居住，或能隨時往來，總候奉本國諭旨 遵行。」乙：「議定英國駐在中國之總管大員與中國大臣無論京内京外者，有文書往來用照會字樣，……雨國屬員後來必當. 平行照會。」丙：「天朝物產豐盈，無所不有，原不藉外夷貨物以通有無；特因天朝所產茶葉、瓷器、絲，為西洋各國及爾 國所必需之物，是以加恩體恤，在澳門開設洋行，俾得日用有資，並霑餘潤。」請將上述三段文字出現的時間排序，下列何 者正確？ ,"['甲—乙—丙', '丙—甲—乙', '丙—乙—甲', '乙—甲丙。']",(C)
exam-55737.doc,18鴉片戰爭前，某人到廣州任職後，即命人翻譯澳門、新加坡、印度、倫敦的報紙，累積資料集成《四洲志》、《國際公法》等， 並及於外人對中國的議論《華事夷言錄要》，可見他有接受外情的雅量。請問此人是誰？ ,"['曾國藩', '李鴻章', ' 林則徐', '魏源。']",(C)
exam-55737.doc,19明、清士紳承擔許多地方政府的職責及公共事務，包括有：參與監造道路、橋梁、水利等公共工程；主辦育嬰堂等慈善事業 與賑濟災荒；資助地方文化教育活動。其他如教化鄉民、調解糾紛，甚至主導地方防務，皆屬士紳的例行義務。甚至，由於 八旗、綠營不堪作戰，從「某事件」開始之後，地方士紳已辦理鄉勇與團練，保衛鄉土。請問上述「某事件」是指何者？ ,"[' 川楚教亂', '苗亂', '太平天國起事', '新疆回變。']",(A)
exam-55737.doc,21中國新式的海關事業，草創期全由外人充任，他們建立有效的海關收稅糸統、現代的海港管理、航路領導及航海協助等。下 列有關中國新式海關創立的相關敘述，哪一項正確？ ,"['它創立於戊戌變法期間', '新成立的海關總稅務司，由德國人 赫德負責，保障德國在中國的最大利益', '同光年間，自強新政的經費十之八九取之於海關稅收', '對於外國人掌管海 關一事，並未受時人的批判。']",(C)
exam-55737.doc,22清朝中葉以後，經歷多次外來侵略的變局中，朝野有識之士不斷推動改革以挽救國家的危亡，其中哪一次改革行動，被守舊 派質疑是「保中國不保大清」、「改革者漢人之利，而滿人之害也」，所以他們多方阻撓新政的推行？ ,"['自強運動', ' 戊戌變法', '庚子後新政', '立憲運動。']",(B)
exam-55737.doc,23某學者曾指出：「一場軍事戰爭的失敗還不是民族的致命傷，失敗之後還不明瞭失敗的理由，力圖改革，要直到另一場戰爭 又敗了，才知道非學西洋不可，中華民族喪失了二十年的寶貴光陰。」請問他指的「二十年」是指,"['鴉片戰爭—英法聯 軍', '英法聯軍—清法戰爭', '甲午戰爭—日俄戰爭', '八國聯軍〜日俄戰爭。']",(A)
exam-55737.doc,24曾國藩在平定清末的動亂中占有舉足輕重的地位。但他並未成功平定下列哪一個民變，使得此一事件成為他軍旅生涯中的遺 憾？ ,"['雲南回變', '陝甘回變', '太平天國之亂', '捻亂。']",(D)
exam-55737.doc,25中外歷史上，每個國家在近代化的過程中，必然會出現許多新事物，以致原有政府機制無法因應，而必須創立新機構，來解 決現實政治的需求。1861年，清廷成立的總理衙門就是一個例子。關於這個機構成立的原因，下列諸項解釋，你認為何者是 正確的？ ,"['總理衙門是「總理各國事務衙衙門」的簡稱，它的成立起於中英《五口通商章程》簽訂以後，商務逐漸繁忙， 有必要成立新機構來管理', '清朝政府鑑於中國的貧弱，特地成立總理衙門，希望能夠藉由它引進外國知識、技術，達到 富國強兵的目標', '總理衙門就類似現在的外交部，因為中英《天津條約》規定英國可以派遺公使進駐北京，所以政府不 得不成立新的外交機構，辦理新的外交事務', '總理衙門就等於現在西方所稱的「内閣」，清廷體認到政治制度改革的重 要，乃實行責任政治，特地成立總理衙門，負責國家的政治事務。']",(B)
exam-55737.doc,26下列和滿清覆亡相關的史實：①四川保路運動②中國同盟會成立③武昌起義④廣州黃花崗之役⑤中華民國成立等。如依開始 發生時間排列應是,"['④②③①⑤', '④②①⑤③', '②④⑤③①', '②④①③⑤。']",(D)
exam-55737.doc,27 「番菜爭推一品香，西洋風味睹先嘗。刀叉耀眼盆盤潔，我愛香檳酒一觴。」對於此詩所描述的情景，下列敘述正確的是,"[' 如果是在上海地區，清朝時可以看到此番景象', '這種情景民初才可能看到，包括電車、百貨公司都是', '此詩所描續的 情況是錯的，在中國人排外的思想之下，外來飮食不可能有如此盛況', '這種新飲食之風，在民初時盛行全中國。']",(A)
exam-55737.doc,28資料：甲午戰爭後，中國的政治運動即存在二股政治勢力的分立，一股為□□等人所領導的改革派，一股為〇〇等人所領導 的革命派。大體來看，兩者均是主張從制度變革的方式來進行，只是在手段上有溫和與激烈的差別。請問資料中□□、〇〇 應分別填入何人？ ,"['孫中山；袁世凱', '李鴻章；康有為', '康有為；孫中山', '林則徐；袁世凱。']",(C)
exam-55737.doc,30 一位學者說：「明初雖然出現了《三國演義》與《水滸傳》這樣不朽的小說，但在當時保守的政治環境下並未得到廣泛的流 行。一直要到弘治、正德以後，這兩本長篇小說才得以廣泛流行，我們現在所能看到的《三國演義》最早版本是嘉靖元年刊 刻的，《水滸傳》更是只有嘉靖以後的版本。」這是因為,"['社會經濟繁榮，通俗文學符合一般城鎮民眾的口味', '通 俗文學地位愈發重要，已列入科舉考試的範圍', '活字印刷術發明，使得書籍的印製與流通更為方便', '通俗文學提倡 反政府思想因此被列為禁書。']",(A)
exam-55737.doc,31日本自明治維新後，積極展開對華的侵略行動，下列於中國黃金建國的十年中，日本對華侵擾，政府在當時各採取何種政策 應對？ ,"['九一八事變一一不抵抗原則；東北淪入日人手中', '五三（濟南）慘案一一戰；出兵山東', '七七事變一 忍；發表 ＜ 最後關頭演說＞ ', '一二八事變——「攘外必先安內」；訂立《塘沽協定》。']",(A)
exam-55737.doc,32 1990年3月，一位老先生對一群年輕人講述往事，他說：「我在庚子那年生於(甲)上海，當年八國聯軍入侵，外人燒殺搶劫， 我家亦受波及。五四運動那年，我正好在北京上大學，我最仰慕的學者是發表〈文學革命論〉的(乙)胡適，而《新青年》的 創辦者是(丙)魯迅，當時也已經用(丁)白話文編排了。」上述這段話中，以直線標示的(甲）(乙)(丙)(丁)三項中，哪一項是 正確的？,"['(甲）', '(乙）', '(丙）', '(丁）。']",(D)
exam-55737.doc,33宋代大臣能累世顯達的為數不多，出現「今驟得富貴者，止能為三、四十年之計。造宅一區及其所有，既死則眾子分裂，未 幾蕩盡，則家遂不存。」的說法。分析其原因可能與下列何者有關？ ,"['多以蔭任方式擔任小官', '實施彌封謄錄等防 弊措施', '廷杖重挫士人士氣', '官員子弟出仕定考科舉。']",(A)
exam-55737.doc,34明代初年，具備貢士資格的考生，參加由皇帝親自在宮廷大殿策問的考試後，結果分為三甲。一甲三名賜進士及第，第一名 是狀元，也叫殿元，第二名叫榜眼，第三名叫探花，合稱三鼎甲。以上三人可直接授予什麼官職？ ,"['內閣大學士', ' 地方縣令', '翰林院', '六部尚書。']",(C)
exam-72243.doc,32.阿利安人入侵印度以前，當地文化發展情形如何？ ,"['農業生活已經開始，商業行為則尚未產生 ', '已進入城市文明 ', '婆羅門教為普遍的宗教信仰 ', '仍為原始的聚落型態。']",(99)
exam-72243.doc,【題組】,"['49.其中圖 1 帝國疆域形成的關鍵時期為下列何者？ ', '753B.C.～509B.C. ', '509B.C.～27B.C. ', '27B.C.']",(99)
