exam-51118.doc,1.根據人類學家的研究，臺灣部分原住民曾一度發展出跨越部落的「準王國」組織，其中最受重視的是某平埔族所建立的「準王國」，該「王國」在荷據時期與明鄭時期都曾以武力的方式反抗執政當局。試問這個「王國」所指為何？　,"['北部的凱達格蘭番王\u3000', '中部的大肚番王\u3000', '南部的新港番王\u3000', '南部的巴則海番王。']",(B)
exam-51118.doc,2.承諭是清領時代販賣絲綢的臺南商人，他經常將貨品運到泉州、漳州等地交易。請問他可以加入下列哪一組行會組織？　,"['北郊、布郊\u3000', '南郊、布郊\u3000', '北郊、糖郊\u3000', '南郊、糖郊。']",(B)
exam-51118.doc,3.清領前期臺海兩岸對渡港口，下列組合何者正確？　,"['打狗廣州\u3000', '八里坌福州五虎門\u3000', '鹿港廈門\u3000', '臺南鹿耳門泉州蚶江口。']",(B)
exam-51118.doc,4.如果你是一位17世紀時乘船至臺南一帶與當地平埔族交易的大陸商人，你所看到的平埔族社會有怎樣的特色？　,"['採行一夫多妻制\u3000', '男性多披散著長髮\u3000', '主要由男性負責耕種\u3000', '女性有鑿斷牙齒的習俗。']",(D)
exam-51118.doc,5.史前社會存有視胎、嬰、幼兒等已具有生命或「靈」的概念，才以石板棺下葬。另外，此遺址出土近一千五百個石板棺，其排列方式呈現出北北東—南南西軸線分佈，約與住屋的排列方式一致，有學者推測可能是因為此文化人採取室內葬方式之故。請問：這是臺灣哪一個史前文化遺址所出土的器物？　,"['圓山\u3000', '麒麟\u3000', '卑南\u3000', '十三行文化。']",(C)
exam-51118.doc,6.關於十三行文化的敘述，何者正確？　,"['十三行遺址中出土的漢代錢幣與陶瓷，表示當時雙方已經有往來\u3000', '從遺址的發掘可以判斷，早期淡水河岸的商業行為應在萬華而不是淡水\u3000', '十三行為臺灣第一個發現有煉鐵地點的遺址\u3000', '「十三行」是史前文化中唯一的「金屬文化」。']",(C)
exam-51118.doc,7.臺灣的地名由來多有其歷史背景，下列關於地名由來的敘述，何者正確？　,"['新北市的五股是在拓墾過程中，移民常以小租戶擁有的「股」為該地之地名\u3000', '宜蘭的五結是採用結首制的宜蘭等地區，以各「結」順序為新興聚落之地名\u3000', '屏東的枋寮由來則是指現耕佃人（佃農）的居住地\u3000', '高雄的左營由來是清代官營駐紮的所在。']",(B)
exam-51118.doc,8.清朝統治臺灣時期，將臺灣原住民分為生番、熟番及化番，化番為介於生番與熟番之間者。請問清朝統治者將原住民分類的標準為何？　,"['居住地區的差異\u3000', '人類學的血緣差異\u3000', '納餉服役之有無\u3000', '來臺定居的時間先後。']",(C)
exam-51118.doc,10.翻閱荷蘭東印度公司的舊文件，可以發現「因為臺灣土地不屬於日本人，而是屬於中國皇帝。中國皇帝將土地賜予東印度公司，作為我們從澎湖徹退的條件」等語，請問這份聲明可能在什麼時候提出的？　,"['趕走西班牙人時\u3000', '郭懷一事件時\u3000', '濱田彌兵衛事件時\u3000', '與清朝交涉時。']",(C)
exam-51118.doc,【已刪除】13.鄭氏時期，臺灣設置一府二縣，若以現今地名而論，下列地區何者屬於萬年縣？　○高雄○大甲○新營○恆春○屏東　,"['○○○\u3000', '○○○\u3000', '○○○\u3000', '○○○。']",(B)
exam-51118.doc,14.《彰化縣志》寫到：「鹿港向無北郊，船戶販糖者，僅到寧波、上海。其到天津尚少。道光五年，天津歲歉，督撫令臺灣船戶運米北上。是時鹿港泉、廈郊商船，赴天津者甚夥…。」請問以下敘述何者正確？　,"['文中的「郊商」指經營兩岸商業貿易的商業團體\u3000', '文中的「北郊」商販的區域以福建、廣東為主\u3000', '「郊」的形成是單指由貿易地區相同的組織\u3000', '清朝曾出現有名的「三郊」，包括北郊、南郊及西郊。']",(A)
exam-51118.doc,15.在荷蘭統治臺灣初期，曾經分別在各地成立「地方會議」（Landdag），要求各社選出長老，每年集會。其用意可能為何？　,"['作為地方自治的基本單位－社\u3000', '作為徵收各項稅捐的機構\u3000', '作為宣達政令的機構\u3000', '作為地方事務規定的立法機關。']",(C)
exam-51118.doc,16.今天臺北市新生南路是條寬大的馬路，它原是在水圳上加蓋而成的。這水圳對古亭、大安、中山區的開發甚為重要，請問這條水圳是？,"['曹公圳\u3000', '八堡圳\u3000', '貓霧圳\u3000', '瑠公圳。']",(D)
exam-51118.doc,17.鄭氏治臺，除了象徵反清復明的忠貞理想外，也為臺灣正式引入漢人的典章制度。下列關於鄭氏治臺的敘述，何者正確？　,"['臺灣的府縣地方制度是由陳永華建議，鄭經頒令施行\u3000', '鄭成功為了滿足抗清軍需，故推動寓兵於農的軍屯工作\u3000', '作為「全臺首學」，臺南孔廟早於鄭成功時期就已創建\u3000', '陳永華以「學優則仕」的誘因，鼓勵原住民子弟就學。']",(B)
exam-51118.doc,18.「保」是清領時期臺灣地方行政區域的名稱，起源於保甲制度，保相當於現在的鄉鎮，下轄許多村莊。當時彰化縣下轄有十三個半的保區，某一條水圳灌溉其中八個。請問此水圳是誰興建的？　,"['郭錫瑠\u3000', '施世榜\u3000', '曹瑾\u3000', '張達京。']",(B)
exam-51118.doc,19.臺灣歌謠「安平追想曲」有「身穿花紅長洋裝，風吹金髮思情郎……」字句，請問：這是何政權統治臺灣時所留下的影響？　,"['荷蘭\u3000', '西班牙\u3000', '日本\u3000', '葡萄牙。']",(A)
exam-51118.doc,20.1602年，明朝沈有容將軍邀請陳第前往閩南協助平定沿海的倭寇，不料陳第在航程中遭遇颱風漂流到臺灣，在臺灣居住了將近一年的時間，他將這段時間的見聞寫成《東番記》。請問《東番記》中記載的原住民社會應會具有哪一特色？　,"['在臉上刺青\u3000', '擅長製作玉器\u3000', '舉行豐年祭\u3000', '母系社會。']",(D)
exam-51118.doc,21.17世紀，海上貿易活動的特色是「商業、海盜、戰爭三位一體」。這時，國家認為誰能獨占價錢最貴的商品，誰就能夠成為最富強的國家。各國為獲得珍貴商品，經常不擇手段，貿易往往淪為搶劫行為。請問下列哪一個政權符合上述條件？　,"['大清帝國\u3000', '明鄭政權\u3000', '德川幕府\u3000', '荷蘭東印度公司。']",(D)
exam-51118.doc,22.考古學家指出：「□□文化一直持續到距今約五千年前，忽行消失，而且與以後普遍發現於台灣的各史前文化層之間，找不出可予以連繫的關係。也就是它們並不是由□□文化逐步演變發展出來，而是冰河期結束，台灣成為海島後，以各種不同的方式、從許多方向、在不同的時代產生或傳入的。」請問以上引文中的□文化所指為何？　,"['左鎮人\u3000', '長濱文化\u3000', '大坌坑文化\u3000', '牛稠子文化。']",(B)
exam-51118.doc,23.關於臺灣原住民「新港文書」（俗稱「蕃仔契」）的解讀，何者說明正確？　,"['證明臺灣原住民自行創有文字\u3000', '證明原住民已經漢化的事實\u3000', '荷蘭人統治與傳教原住民的證明\u3000', '從「新港文書」中可以發現它多是屬於「教育與宣教的內容」。']",(C)
exam-51118.doc,24.下列何者是原住民中因甚少接觸外來文化，最能保存傳統社會文化的族群？　,"['阿美族\u3000', '達悟族\u3000', '卑南族\u3000', '布農族。']",(B)
exam-51118.doc,25.1667年，清廷派遣總兵孔元章到臺灣與鄭經議和，鄭經回應：「臺灣遠在海外，非中國版圖，且先王在日，亦只差削髮二字，依□則可，先王之志不可墜」；認為臺灣不屬中國，因此無須像投降滿清的人一樣還要削髮，表明臺灣與中國根本不是一國的。□內應填入　,"['日本\u3000', '荷蘭\u3000', '蒙古\u3000', '朝鮮。']",(D)
exam-51118.doc,27.「本城及其城外的工事、大砲及其他武器，糧食、商品、貨幣及所有其他物品，凡屬於公司的都要交給甲方。」、「米、麵包、葡萄酒、火藥、子彈、火繩及其他物品，凡所有乙方從此地到巴達維亞的航程中所必需者，都可毫無阻礙地裝進在泊船處及海邊的公司船隻。」請問文中的甲方與乙方分別是？　,"['甲方：西班牙；乙方：荷蘭\u3000', '甲方：荷蘭；乙方：西班牙\u3000', '甲方：荷蘭；乙方：鄭成功\u3000', '甲方：鄭成功；乙方：荷蘭']",(D)
exam-51118.doc,28.撰於清康熙年間的某一古籍，對臺灣某一河川岸邊的景觀，有如下的記載：「旱田百餘里，夾道蔗林。……臺民以蔗為生，糖貨之利上資江浙。」該文記述的，最可能是下列哪一條河川的河岸景觀？　,"['蘭陽溪\u3000', '花蓮溪\u3000', '高屏溪\u3000', '濁水溪。']",(C)
exam-51384.doc,【題組】,"['38. 關於明清科舉的現象，下列何者反映正確？ ', '上品無寒門，下品無世族 ', '作答講究起承轉合，且不得擅發議論 ', '']",(B)
exam-51387.doc,1.	羅大佑在〈鹿港小鎮〉中以唱道：「臺北不是我的家，我的家鄉沒有霓虹燈，鹿港的街道，鹿港的漁村，媽祖廟裡燒香的人們……鹿港的清晨，鹿港的黃昏，徘徊在文明裡的人們……」。試問：下列說明中何者最適合說明歌詞中所反映的社會現象？  ,"['反映政府在經濟重建期把所有最先進的建設都集中於臺北都會區  ', '反映白色恐怖時期，人們對政治感到無奈，以霓虹燈來影射當局  ', '反映民國60到70年代，臺灣經濟正起飛，原先的社會紐帶斷裂  ', '反映民國90年代，臺灣人對物質文明充滿了反叛心情及不確定感。']",(C)
exam-51387.doc,2.	有個組織工作人員很單純，是「三人行」的組織，一人專管播放機器，兩人分任「辯士」（解說員）。他們常巡迴至窮鄉僻壤工作，深受歡迎。「辯士」除了解說劇情，有時也「添油加醋」，諷刺時政，因此常和臨監警察起衝突。這個團體是　,"['美臺團\u3000', '櫟社\u3000', '公益會\u3000', '臺陽協會。']",(A)
exam-51387.doc,3.	它是以臺灣總督府、糖業資本及財閥資本為主的公司。1939年起開始在海南島進行各項事業。插手海南島的畜牧、農林、運輸等產業。請問：這間公司應是？　,"['臺灣銀行\u3000', '臺灣拓殖株式會社\u3000', '產業奉公會\u3000', '熱帶產業調查會。']",(B)
exam-51387.doc,4.	吳火獅回憶早期臺灣的紡織業情形：「除了和美傳統的手工織布業外，機器織布的只有臺南侯雨利，和日本人在臺北、臺中留下的少數幾家紡織廠。」在這個有限的基礎上欲發展紡織工業，當時最有可能透過何種方式取得原料棉花？  ,"['農復會向農民推廣棉花種植\u3000', '政府向東南亞各國購買棉花\u3000', '政府以肥料向農民換取棉花\u3000', '由美國提供原料援助。']",(D)
exam-51387.doc,5.	民國49年5月16日，在臺北發行的某報刊雜誌上出現這樣的言論：「第一，國民黨須退出軍隊、警察、學校與司法機關……；第二，國民黨的黨費不由國庫開支……；第三，變相的國民黨機構，如社會服務站、青年救國團、文化工作隊……，一律取消。」請問；如此的言論應是出自下列哪一份報刊或雜誌？  ,"['《自由中國》  ', '《文星》雜誌  ', '《大學雜誌》  ', '《美麗島》雜誌。']",(A)
exam-51387.doc,6.	1941年太平洋戰爭爆發以後，日本首次在臺灣實施陸軍特別志願兵，招募所謂的「臺籍日本兵」，請問當時的「臺籍日本兵」指的是何種身分的人？　,"['在臺灣居住的日本人，日人對臺灣人的參戰忠誠度有其疑慮\u3000', '在南洋地區響應招募的臺灣人，南洋戰爭激烈，日方需增加兵源\u3000', '在臺灣地區被日本政府招募的臺灣人，只要臺灣人符合條件即可參加招募\u3000', '專指由臺灣原住民所組成的軍隊，原住民熟悉山林生活對於日本在南洋的叢林戰有較大用處。']",(C)
exam-51387.doc,7.	1950年1月5日，美國杜魯門總統先發表對臺灣現狀「不干涉聲明」。半年後，1950年6月27日，美國杜魯門總統發表對臺灣現狀主張「中立化」。試問，美國半年內對於臺灣問題態度產生重大轉變的關鍵為何？  ,"['共黨赤化中國  ', '韓戰爆發  ', '中蘇關係生變  ', '美國介入越南問題。']",(B)
exam-51387.doc,8.	「他」作了政策性的宣示，開啟臺灣民主化序幕；他說：「時代在變，環境在變，潮流也在變，推動新措施，唯有如此，才能與時代潮流結合，才能與民眾永遠在一起。」，在他任職總統期間，民主進步黨得以成立，請問「他」是？  ,"['蔣中正  ', '嚴家淦  ', '蔣經國  ', '李登輝。']",(C)
exam-51387.doc,9.	某報刊發刊詞：「最親愛的三百六十萬父老兄姊！我們處在今日的臺灣社會，慾望平等，要求生存，實在非趕緊創設民眾的言論機關，以助社會教育，並喚醒民心不可了。我們在京（指東京）同志，四年前已經有想到這裡，所以創設本社，發刊『臺灣』雜誌，雖然，到了如今，時勢已進步，只有一個雜誌，實在不足應社會各方面的要求。所以這回新刊本報，專用平易的漢文，滿載民眾的智識，宗旨不外欲啟發我島的文化，振起同胞的元氣，以謀臺灣的幸福，求東洋的和平而已。」文中的「本報」是指  ,"['《臺灣青年》  ', '《臺灣民報》  ', '《臺灣日日新報》  ', '《臺灣民眾日報》。']",(B)
exam-51387.doc,10.	有個作家曾在報刊上寫下這樣的文字：「諸君怎的不讀些有用的書來實際應用於社會，而每日只知道做些似是而非的詩，來做詩韻合解的奴隸，或講什麼八股文章替先人保存臭味。想出出風頭、竟然自稱詩翁、詩伯，鬧個不休。」該作家所主張的理念，最可能是受到什麼啟發？　,"['辛亥革命\u3000', '自由民權運動\u3000', '左派思潮\u3000', '新文化運動。']",(D)
exam-51387.doc,11.	名作家李喬曾說：「臺灣人經 　　　 的洗禮，心痛惶惑之餘，精神領域中的『文化祖國』虛位化了，卻可能「創造」自己的文化認同；臺灣人對於『國家』產生根本的迷惑了，然而卻也深化確定了『臺灣意識』、『臺灣人意識』，進而凝成動力──建造屬於自己的國家。」請問：文中空格內應填入下列何者最適當？  ,"['二二八事件  ', '退出聯合國  ', '保釣運動  ', '中美斷交。']",(A)
exam-51387.doc,12.	有一本書描述：「『水螺』是中南部農民對於糖廠上、下汽笛訊號聲的稱呼。『水螺』聲不只是一種時間訊號，它標示著一種截然不同的工作方式，代表了一種新的社會生活作息規律的登場，更揭櫫一種新時間觀念的生成，此即所謂『格林威治標準時間。』」請問：這一本書描述的背景，最早可能出現在何時的臺灣社會？  ,"['清領前期  ', '清領後期  ', '日治時期  ', '國民政府時期。']",(C)
exam-51387.doc,13.	在戰後臺灣的民主運動發展歷程中，下列幾項重要事件可視為其中的里程埤。若依其發生的時間先後排列，則正確的順序為何？(甲)美麗島事件；(乙)三月學運；(丙)民進黨創立；(丁)總統直選；(戊)解嚴。  ,"['甲乙丙丁戊  ', '甲丙戊乙丁  ', '甲戊丙乙丁  ', '乙甲丙戊丁。']",(B)
exam-51387.doc,14.	「方今之文明，物質萬能之文明也，現在之思想，成混沌險惡之狀態也。……環顧島內，新道德猶未建設，而舊道德早已次第衰頹。……吾人於此大有所感，乃糾合同志，組織□□，以謀臺灣文化之向上。總而言之，相互切磋道德真髓，振興教育，獎勵體育，涵養藝術趣味，使之穩健發達，期能實行以致之 」 ，試問：此組織應為？  ,"['臺灣同化會  ', '臺灣文化協會  ', '臺灣民眾黨  ', '臺灣地方自治聯盟。']",(B)
exam-51387.doc,15.	臺灣半世紀以來的經濟成長，產業結構會隨著大環境的變動而有所調整。請問：以下何者符合發展的軌跡？  ,"['石化工業、重工業→勞力密集型輕工業→資本技術密集產業  ', '石化工業、重工業→資本技術密集產業→勞力密集型輕工業  ', '勞力密集型輕工業→資本技術密集產業→石化工業、重工業  ', '勞力密集型輕工業→石化工業、重工業→資本技術密集產業。']",(D)
exam-51387.doc,16.	「清鄉」運動是怎樣性質的工作或活動？  ,"['日治時期，日本戶政單位的統計工作  ', '日治時期，保正、甲長協助的地方清潔活動  ', '光復初期，國民政府的盤點人口工作  ', '二二八事件後，國府到各地進行清查可疑滋事份子的工作。']",(D)
exam-51387.doc,17.	1937年日本發動全面侵華戰爭，為使臺人徹底動員支援戰爭，日本政府在臺灣展開皇民化運動。下列何者『非』此時期臺灣社會的改變？  ,"['利用皇民奉公會，榨取一切可用之物資  ', '開辦臺灣銀行，以便戰時資金快速流通  ', '總督府展開皇民思想教育，文藝須為皇民化而作  ', '先實施陸軍志願役，1945年以後再展開全民徵兵制。']",(B)
exam-51387.doc,18.	蔣中正指示「他」：「在臺灣要作最壞的打算萬一的準備，使臺灣成為民族的復興基地。」「他」於是積極改善臺灣體制與農村經濟；後來「他」又赴美訪問甘迺迪總統與美國國會，被讚譽為一位「性格人物」。請問：這位「性格人物」是何人？  ,"['陳儀  ', '魏道明  ', '陳誠  ', '蔣經國。']",(C)
exam-51387.doc,19.	臺灣名畫家洪瑞麟自述親身經歷：「當時配給食物很差，人民在飢餓難忍之下，有人密告煤礦場有人私造鐵器去海邊叉魚，當局即以兩大罪名逮捕礦場職工：一、私造武器，二、違反食物配給。……我們並不知被密告，也不知到底犯了什麼罪。……我們那一批40個難友中，總計在偽警折磨下死了13人。」請問這個事件發生的背景為何？　,"['日治初期，總督府強力鎮壓武裝抗日\u3000', '日治末期，總督府猜疑臺民意圖不軌\u3000', '二二八事件前夕，民生物資供應不及\u3000', '1950年代，威權統治下白色恐怖事件。']",(B)
exam-51387.doc,20.	有位從大學退休的教授，在其回憶錄記載：「在那時代，校園裡沒有人敢公開批判時政，只有私下竊語，但這也有點驚險，因為有人會向學校行政當局或黨部檢舉……在學校圍牆寫了很多標語如『檢舉匪諜，人人有責』、『殺朱拔毛』……不談政治，是同仁間的默契，以免災禍降臨。」上述情形最有可能發生在哪一時期？　,"['1940年代\u3000', '1950年代\u3000', '1980年代\u3000', '1990年代。']",(B)
exam-51387.doc,21.	清末民初時代有一位臺灣宜蘭的社會運動家，在臺北醫校畢業，深受孫中山先生思想的影響，他一面行醫，一面組織「臺灣文化協會」，鼓吹新文化、反對日本統治，有「臺灣孫中山」之稱。後因組織「臺灣議會期成同盟會」被日本人逮捕入獄，出獄後另組「臺灣民眾黨」，從事和平的社會運動。請問他是誰？  ,"['賴和  ', '林獻堂  ', '蔡培火  ', '蔣渭水。']",(D)
exam-51387.doc,22.	下列是臺灣經濟發展的五個階段：(甲)加工出口；(乙)農業扶持工業；(丙)十大建設；(丁)土地改革；(戊)自由化國際化。依時間先後排列，下列何者正確？  ,"['乙丁甲丙戊  ', '乙丁丙甲戊  ', '丁乙甲丙戊  ', '丁乙丙甲戊。']",(C)
exam-51387.doc,23.	某資料顯示：「蔣中正提出『戰鬥文藝』號召，各文藝團體紛紛響應。例如《文藝月報》認為，戰鬥的思想、意識、情緒、精神，是創作戰鬥文藝的基本條件。國防部總政治部則提出『提高軍中文化，推行戰鬥文藝』的口號。」請問：戰鬥文藝於何時成為文壇主流思潮？　,"['民國40年代\u3000', '民國50年代\u3000', '民國60年代\u3000', '民國70年代。']",(A)
exam-51387.doc,24.	臺灣文學研究者葉石濤教授認為：「□□的文學，簡單一句話說，就是反抗的文學……他出現時，小說的形式才宣告完成。」這位為窮人看病不收錢的「彰化媽祖婆」，堅持用漢文完成臺灣的新文學。文中指的是何人？　,"['賴和\u3000', '張我軍\u3000', '楊逵\u3000', '呂赫若。']",(A)
exam-51387.doc,25.	1934年日月潭發電廠竣工，發電量高達十萬千瓦，反觀1929年的臺灣，全臺照明總用電才四萬多千瓦，占全臺最大產值的製糖業，也不需要這麼多電力。試問：總督府建設發電量如此高的發電廠用意為何？　,"['發展交通建設之用\u3000', ' 為臺灣民生工業用電量大增做準備\u3000', '日本政府規劃將日本工廠遷移至臺灣\u3000', '以備戰時發展工業之用。']",(D)
exam-51387.doc,28.	「日本人過陽曆年，臺灣人過陰曆年。過年時，日本人要求臺灣人在門口的旁邊要擺松樹，在門口的上面要紮上草繩，還要黏上白紙，讓臺灣人感覺好像是喪事，非常的反感與排斥」，試問：以上文字所描繪的情景應出現於何時？  ,"['日治臺之初，透過保正甲長改變臺人風俗習慣  ', '內地延長主義實施之際，臺人風俗習慣須與日本同步  ', '皇民化運動展開之初，總督府強力改變臺人風俗習慣  ', '太平洋戰爭末期，增加臺灣人對日本的認同感。']",(C)
exam-51387.doc,29.	流行歌曲常能反應當代的社會風氣，以下是黑名單工作室所主唱「民主阿草」中的一段歌詞：「老法統唉呀無天理，霸占國會在變把戲，歸陣閒閒在吃死米，有的嘛老搹強未喘氣，咱政府驚伊呀擋不著，咱的稅金呼伊拿去吊點滴，全界攏在笑伊未見笑，退休歸呀百萬伊也勿走。」請問關於上述歌詞的說明何者正確？  ,"['老法統的形成乃是戒嚴令所致  ', '老法統指的是蔣中正個人專擅  ', '上述歌詞專為諷刺白色恐怖所寫  ', '老法統去職完成於李登輝總統。']",(D)
exam-51387.doc,30.	有一個年代，在臺灣年輕知識分子及大專青年當中，興起一股自己作詞作曲，並使用吉他自彈自唱發表自己創作作品的風氣。這些歌曲的演唱者年紀較輕，曲風清新樸實，多以校園及平日所接觸的人事物為創作內容，令人耳目一新，如〈抓泥鰍〉、〈橄欖樹〉、〈小茉莉〉等為當時傳誦甚廣的歌曲。請問這是哪一代的普遍現象？  ,"['民國40年代  ', '民國50年代  ', '民國60年代  ', '民國70年代。']",(C)
exam-51387.doc,31.	1945年時，全臺人口約600萬人；1949年卻暴增為750萬人，其中最主要的因素是什麼？　,"['臺灣整體衛生條件改善\u3000', '大陸淪陷，大量軍民遷臺\u3000', '臺灣經濟生活安定\u3000', '政府鼓勵生產的人口政策發生作用。\u3000']",(B)
exam-51387.doc,32.	「物價一漲再漲，甚至於不知其終止點。以往以產米和糖聞名於全世界的臺灣米、糖價，反比上海、香港、廈門等地還貴，由於米糧短缺，臺北市民千餘人，聚集於萬華龍山寺口，整隊出發遊行請願，要求解決米荒之事。」請問：上述現象應是發生於何時？  ,"['光復初期，臺灣經濟呈現蕭條慘澹的情況  ', '退出聯合國後，臺灣的農民失去種植動力  ', '美援斷絕，所有支援中華民國的物資停擺  ', '解嚴後，臺灣人勇於發聲向政府表達不滿。']",(A)
exam-51387.doc,33.	「當時的中壢郡守提倡廢止寺廟，並且寫了一本書叫《神門昇天》。於是，那些御用紳士立刻唱和，響應這種局勢。……關西街（今日的新竹關西）也響應這種運動，命令青年團員把土地公祠廟破壞。我擔任的團員受命破壞郊外一所土地公廟的工作。於是，我和青年們……燃了紙錢後，……把土地公廟全部移除。」請問上述情形最有可能出現在何時的臺灣？ ,"['1878年  ', '1898年  ', '1918年  ', '1938年。']",(D)
exam-51387.doc,34.	第二次世界大戰後，美國為阻止共產勢力在東亞擴張，而從日本、南韓、臺灣到菲律賓構築一條防線，其中之一的具體表現便是與各國簽訂雙邊條約。對於當時的臺灣而言，下列何者便是上述之例證？　,"['《開羅宣言》\u3000', '《舊金山和約》\u3000', '《中美共同防禦條約》\u3000', '《臺灣關係法》。\u3000']",(C)
exam-51387.doc,35.	1920年代開始，臺灣文化協會開始推動「文化劇」的演出，主要是與當時盛行的歌仔戲對抗。文化劇的主要意識型態是　,"['利用劇情來宣導現代文明觀念\u3000', '透過戲劇方式來灌輸傳統儒家倫理\u3000', '利用布景與服裝宣導日本美學品味\u3000', '透過演出形式，宣傳日本傳統戲劇。']",(A)
exam-51387.doc,36.	一法令提到：「為了反對和遏制『臺獨』……維護臺灣海峽地區和平穩定，維護國家主權和領土完整，維護中華民族的根本利益，根據憲法，制訂本法。」請問此法應為下列何者？　,"['《動員戡亂時期臨時條款》\u3000', '《國統綱領》\u3000', '《反分裂國家法》\u3000', '《臺灣關係法》。']",(C)
exam-51387.doc,37.	1988年的「520農民運動」，可謂解嚴後最大規模的全國性農民運動，近5000名農民參加。農民向來被視為個性溫和甚少發聲的階層，諸多歷史因素導致農民群起激憤，請問下述何者為是？　,"['耕者有其田政策導致土地不易集中\u3000', '農民是政府威權政治下最大的受害者\u3000', '發展工業過程，大量汙染農區\u3000', '政府在與美貿易談判過程中，常犧牲農民的利益。']",(D)
exam-51387.doc,38.	1970年代對臺灣的發展極具關鍵性，請問以下敘述何者發生於此一時期？  ,"['九年義務教育提升國民素質，民間進而要求教育改革，以期舒緩升學壓力  ', '黨外人士為追求民主的實現，積極投入選戰，其理念獲得相當程度的傳播  ', '解嚴，政府正式開放報禁，臺灣人民的新聞及言論自由獲更進一步的伸張  ', '政府推動國際化與自由化的經貿政策，除開放赴大陸投資外，也加入WTO。']",(B)
exam-51391.doc,【題組】,"['17. 下列何者並「非」考古學家據以推斷臺灣史前人類生活的資料？ ', '文字記載 ', '挖掘出來的古文物 ', '古人的垃圾']",(A)
exam-51391.doc,【題組】,"['26. 清治初期，調整臺灣行政區劃分或增置行政官員的重要關鍵因素為何？ ', '維持地方治安 ', '抵禦外國入侵 ', '促進']",(A)
exam-51391.doc,【題組】,"['44. 論者多指臺灣有四百年的歷史，這是以何種角度所做的論述？ ', '發現史前遺跡的時間 ', '南島語族移入的時間 ', '']","(C,D,E)"
exam-51391.doc,重新載圖,"['【題組】', '50. 下表為臺灣州縣設立的順序表，請依據表中內容來判斷下列哪些選項是正確的？&nbsp; ', '', '明鄭時期的承天府，即荷治時期']","(A,C,E)"
exam-51403.doc,重新載圖,"['下表為清代臺灣民變和械鬥次數統計表，', '【題組】', '4. 請問：對 1782~1867 年動亂次數的結果進行分析，下列何種說法最合理？ ', '']",(A)
exam-51403.doc,【題組】,"['47. 日本如何推動臺灣經濟殖民地化？ ', '以基礎工程建設奠定根基 ', '確立「農業臺灣，工業日本」的垂直分工體系 ', '']","(A,B,C,E)"
exam-51415.doc,36. 下列何時代對最高神的觀念開始具有新的突破，主張「天不可信，我道惟寧王德延」？ ,"['商代 ', '西周 ', '東周 ', '']",(B)
exam-51415.doc,【題組】,"['48. 西元前594年魯國所推行的「初稅畝」，其意義如何？ ', '是指初次徵稅的田畝 ', '是以畝為單位來徵收田稅 ', '初稅']","(B,C,D,E)"
exam-52015.doc,1、清治時期的社會文化逐漸流露出「吃肉吃三層，看戲看亂彈」，祭拜開漳聖王、保生大帝，抑或纏足風氣等。由前列所述顯示當時社會的 ,"['殖民性 ', '國際化 ', '土著化 ', '內地化 ']",(D)
exam-52015.doc,2、「……居有屋數椽，種無田半畝；夫婿去年秋，東渡餬其口；高堂留衰翁，窮餓苦相守。夫亡訃忽傳，翁老愁難受；一夕歸黃泉，半文索烏有。嫁女來喪夫，鬻兒來葬舅。家口餘零丁，幼兒尚襁負；吞聲撫遺孤，飲泣謀升斗。……」此為十九世紀前半葉臺灣本土文人描寫人民現實生活辛苦之作品。此詩歌之作者可能為 ,"['江日升  ', '黃叔璥  ', '蔡廷蘭  ', '林占梅 ']",(C)
exam-52015.doc,4、臺灣「三年一小反，五年一大亂」，但根據統計，臺灣之民亂多據有「官逼民反」之性質。關於臺灣之民變，下列敘述何者正確？,"['臺灣的三大民變當中都雜有分類械鬥的性質 ', '林爽文起事影響規模最大，也是唯一一件閩客合作的民變 ', '清廷官方與地方士紳、鄉勇團練合作平定大甲西社事件 ', '原漢亦曾合作平亂，尤其是大甲西社事件中的岸裡社，事件過後岸裡社勢力大盛，族人多被只派為番人通事 ']",(A)
exam-52015.doc,6、開港通商使臺灣產業加速轉型，社會領導階層汰舊換新。下列何人並未受這種社會轉變所影響？,"['基隆顏家  ', '霧峰林家 ', '鹿港辜家  ', '高雄陳家']",(B)
exam-52015.doc,7、延平郡王祠外有聯：「開萬古得未曾有之奇，洪荒留此山川，作遺民世界；極一生無可如何之遇，缺憾還諸天地，是創格完人。」此聯涵有清末官員積極鞏固臺人忠君愛國之意，是問此官員為 ,"['沈葆楨  ', '丁日昌  ', '劉銘傳  ', '邵友濂']",(A)
exam-52015.doc,8、丁日昌曾於1876年來臺，在臺期間雖不長，但卻立下許多開創性建設。何項建設非其所為？,"['招賴廣東潮、汕人民移墾  ', '架設府城到旗後的電報線  ', '推動種植經濟作物，如咖啡、棉花  ', '創辦新式郵政 ']",(D)
exam-52015.doc,9、日本一直對臺灣展現極大的興趣，當日軍接收臺灣後，臺人的反應卻讓日人困惱。試問，日人並未遭遇哪項經歷？,"['知識分子組織新政權欲依附滿清，發出「宰相有權能割地，孤臣無力可回天」之慨 ', '割讓初期日軍不堪抗爭之擾，曾給臺人有自由選擇國籍的機會 ', '臺灣基礎建設過差、武裝抗爭太多，造成日本國庫負擔，故一度有〈臺灣賣卻論〉之議 ', '臺北城的部分士紳與商人主動開城請日軍入城']",(B)
exam-52015.doc,11、日治時期之基礎建設奠下臺灣近代發展重要的基石，試問何者並非其績效？,"['烏山頭水庫  ', '日月潭第一水力發電場  ', '桃園大圳  ', ' 臺灣西部鐵路電氣化']",(D)
exam-52356.doc,1.臺灣與外界接觸少的情況，在下列哪一事件發生後，產生了關鍵性的改變？　,"['十字軍東征\u3000', '蒙古西征\u3000', '鄭和下西洋\u3000', '地理大發現。']",(C)
exam-52356.doc,2.由於鄭成功「屯田駐兵」而來的地名，下列何者為是？　,"['五結、壯圍\u3000', '大里、霧峰\u3000', '新營、前鎮\u3000', '七股、頭份。']",(C)
exam-52356.doc,3.鄭氏統治期間，為了反清，積極聯絡可以互相援引的助力，請問以下何國與鄭氏頗有往來？　,"['英國，與鄭氏積極發展貿易\u3000', '法國，與鄭氏聯合抗西班牙\u3000', '西班牙，與鄭氏聯手對付荷蘭\u3000', '葡萄牙，發展澳門與臺灣間的貿易。']",(A)
exam-52356.doc,4.在澎湖群島與臺灣本島之間的海溝中，日本古生物學家曾撈獲哺乳類動物化石，而臺灣學者所收藏的澎湖海溝標本中亦帶有明顯的「人工砍痕」，此兩者顯示臺灣曾與中國大陸相連，人與動物可從亞洲大陸直接走過來。試問下列何種文化的出現與這些發現在歷史分期上屬於同一個時期？　,"['大坌坑文化\u3000', '十三行文化\u3000', '長濱文化\u3000', '圓山文化。']",(C)
exam-52356.doc,5. 原住民電視臺播出一節目「發現南島」，計畫在其片頭浮光掠影般出現一些南島民族的居地照片，請問下列哪一張照片較不適合採用？　,"['紐西蘭毛利人的舞蹈\u3000', '菲律賓土著的陶藝\u3000', '達悟族的飛魚祭\u3000', '苗栗傳統的採茶戲。']",(D)
exam-52356.doc,7.臺灣北部、西南部、東南部沿海及河口地帶，濁水溪及大肚溪流域都曾發現的繩紋陶文化，是屬於哪一時期？　,"['舊石器時代早期\u3000', '舊石器時代晚期\u3000', '新石器時代早期\u3000', '新石器時代晚期。']",(C)
exam-52356.doc,8.「八堡圳」是清治時期臺灣規模最大的水利工程建設，下列相關敘述何者正確？　,"['由張達京主持修築\u3000', '引大甲溪水灌溉中部平原一帶\u3000', '利用尖底水道技術\u3000', '使彰化平原成為臺灣重要穀倉。']",(D)
exam-52356.doc,9.一份有關清朝臺灣的史料記載：「臺灣的人民對於農耕不能說不努力用心，但是有一個很奇怪的現象，見到糖價稍漲價，人民就唯利是圖，去年的時候種甘蔗，已經比前年多了三倍，今年偶見糖價上漲，竟然種甘蔗面積比往年多了十倍。」試問為何會出現這樣的現象？　,"['因為甘蔗是糧食作物，人民為了生計增加種植\u3000', '租稅負擔繁重，因此需要多種植應付官府所需\u3000', '臺灣氣候適合種植甘蔗，政府強力推廣\u3000', '臺人將甘蔗製糖銷往大陸，利潤豐厚。']",(D)
exam-52356.doc,10.現今臺灣南部地名如左鎮、左營、柳營、下營等，可證明鄭成功在臺灣時，實行哪種方式的墾殖政策？　,"['番墾\u3000', '民屯\u3000', '軍屯\u3000', '官屯。']",(C)
exam-52356.doc,11.原為海盜領袖，接受明朝招撫，並招徠閩南人民來臺開墾，為漢人移民、開墾在臺灣奠定基礎的是　,"['林道乾\u3000', '郭懷一\u3000', '林鳳\u3000', '鄭芝龍。']",(D)
exam-52356.doc,12.在臺南市菜寮溪出土的化石，屬於人類左、右頂骨殘片的化石，經氟、錳計量測定，推知約有兩萬至三萬年，這些頭骨所代表的人類被稱之為　,"['藍田人\u3000', '長濱人\u3000', '左鎮人\u3000', '卑南人。']",(C)
exam-52356.doc,13.16世紀中後期，臺灣西南部地區出現了一個日本聚落。這個聚落出現的最可能原因是　,"['日本長期和平，以致人口過剩，必須向外移民\u3000', '日本缺乏蔗糖，以此地為據點，從事甘蔗種植\u3000', '日本入華的僧人，在此地學習，引入中國文化\u3000', '日本倭寇當時以此為據點，騷擾中國東南沿海。']",(D)
exam-52356.doc,14. 陳同學利用週休二日到臺南作古蹟巡禮時，來到一個原住民族群的公廨，看到公廨裡面有一個盛著清水、插著甘蔗葉的壺，導覽人員說這個族群很重視對「阿立祖」的崇拜，此壺即阿立祖的象徵。這可能是哪個族群？　,"['布農族\u3000', '西拉雅族\u3000', '排灣族\u3000', '泰雅族。']",(B)
exam-52356.doc,15. 小英在家裡發現一張中文和羅馬拼音並存的文件，並附有相關地圖與簽名，其中西文部分看似英文但卻無法解讀。該文件最有可能是　,"['日本人留下的新聞報導\u3000', '荷治時期的新港文書\u3000', '鄭氏在臺灣的軍事命令\u3000', '美軍攻臺時候投下的勸降書。']",(B)
exam-52356.doc,16.所謂「一府、二鹿、三艋舺」的諺語，說明了什麼意義？　,"['清治時期由南向北開發的次序\u3000', '安平港、鹿港和艋舺港三個港口吞吐量的排名\u3000', '是有關臺灣鄭氏時期開發的神話故事\u3000', '是臺灣前三名郊商組織的分布點。']",(A)
exam-52356.doc,17. 有一條水圳的完成，代表不同族群之間也可以合作協力進行開墾。其中，站在原住民的立場是「割地換水」，而站在漢人的角度則是「供水換地」。試問這是指哪一項水利建設？　,"['八堡圳\u3000', '瑠公圳\u3000', '貓霧捒圳\u3000', '曹公圳。']",(C)
exam-52356.doc,18.鄭成功也被稱作「國姓爺」，此「國姓」（朱）是來自何人所賜封？　,"['福王\u3000', '魯王\u3000', '唐王\u3000', '桂王。']",(C)
exam-52356.doc,19.一份西方的航海日記記載來臺貿易的情景，指出：海岸多沙丘，叢林散布。如能取得木材，適於在港口南側築城，以便控制船舶出入。據漢人言，每年有日船兩、三艘來此，向土人購買鹿皮。也有中國船隻載來綢緞織物，與日人交易。這份日記最可能是　,"['16世紀葡萄牙人探勘蘇澳所寫\u3000 ', '17世紀荷蘭人探勘安平時所寫\u3000', '18世紀英國人探勘淡水時所寫\u3000', '19世紀法國人探勘基隆時所寫。']",(B)
exam-52356.doc,20.臺灣地區目前極重要的鐵器時代考古遺址是　,"['臺東長濱\u3000', '八里十三行\u3000', '八里大坌坑\u3000', '士林芝山岩。']",(B)
exam-52356.doc,21.所謂「土牛線」是指什麼？　,"['清朝治臺期間，為防止漢人侵墾原住民土地而劃定的漢番界線\u3000', '鄭氏時期，為防止清朝派兵攻臺所設立的防線\u3000', '日治時期，為防止日本人和臺灣百姓衝突所設立的界線\u3000', '荷治時期，為防止中、日商人商務糾紛所劃分的商務界線。']",(A)
exam-52356.doc,22.某一新聞針對剛出土的史前遺址做了如下的報導：「從出土的建築遺留來看，其住屋是以扁長形的礫石及板岩石板為主要建材，……格局相當一致，並且遵循一個方向緊密的排列。」這個遺址是　,"['牛罵頭文化\u3000', '大坌坑文化\u3000', '十三行文化\u3000', '卑南文化。']",(D)
exam-52356.doc,23.在荷蘭人治理臺灣期間，何地是統治中心？　,"['普羅文遮城\u3000', '聖多明哥城\u3000', '聖地牙哥城\u3000', '熱蘭遮城。']",(D)
exam-52356.doc,24.某雜誌以「跨國集團，流亡政府」為專題，撰文討論臺灣史上某一政權的興衰起落，它的討論主題應是　,"['滿清王朝\u3000', '西班牙治理北臺\u3000', '荷蘭王政\u3000', '鄭氏時期。']",(D)
exam-52356.doc,25.鄭成功攻打臺灣的同時，對岸的康熙皇帝下令「劃界遷民」，宣布離海岸線30里內的土地都不能住人，所有民眾必須在三天內搬家。這道命令的用意是　,"['切斷鄭成功的經濟命脈\u3000', '保護沿海居民，免受鄭軍攻擊\u3000', '預防荷人敗退後，襲擊中國沿海以為報復\u3000', '荷鄭戰況慘烈，怕波及中國沿海。']",(A)
exam-52356.doc,26. 西元1603年，陳第隨著明朝的軍隊追擊倭寇，來到臺灣，次年他把在臺灣的見聞撰寫成《東番記》一書。請問書中描寫「娶則……婦始往婿家迎婿，如親迎，婿始見女父母，遂家其家，養女父母終身，其本父母不得子也。故生女喜倍男，為女可繼嗣，男不足著代故也」。這段話反映出當時原住民的哪一種社會型態？　,"['重男輕女\u3000', '父系社會\u3000', '母系社會\u3000', '財婚制度。']",(C)
exam-52356.doc,27. 清朝為了方便管理兩岸之間的移民與貿易，領臺之初只開放哪一對渡港口？　,"['廈門-鹿港\u3000', '五虎門-鹿耳門\u3000', '蚶江-八里坌\u3000', '廈門-鹿耳門。']",(D)
exam-52356.doc,28. 清朝與鄭氏曾經進行過政治談判，決定臺灣地位的歸屬。但後來因為雙方的堅持而無法達成共識。請問以下何者並非當時鄭氏所堅持的立場？　,"['不薙髮\u3000', '不登岸\u3000', '不易冠\u3000', '不仿朝鮮。']",(D)
exam-52356.doc,29.聯合東印度公司招募漢人到臺灣居住是為了　,"['從事商業活動\u3000', '與原住民對抗\u3000', '與鄭成功對抗\u3000', '種植稻米和雜糧。']",(D)
exam-52356.doc,30.施琅《恭陳臺灣棄留疏》中建議在臺戍守的總兵、副、參、遊等官，「定以三年或二年轉陞內地，無致久任，永為成例」請問施琅如此建議的主要考量因素下列何者正確？　,"['臺灣戍守不易，獎勵來臺有功人員\u3000', '大陸戰爭紛起，協調臺灣戰力防守\u3000', '防止軍隊與地方勢力結合，謀逆造反\u3000', '臺灣治安良好，無需長期進駐。']",(C)
exam-52356.doc,31.某日老師在講授清朝臺灣行政區域劃分的專題時，講述到某一行政單位時提到：「此單位經常是清朝政府在新開發地區或者是具有特殊地位的地區時所設置……與『縣』同級，但與縣比較起來又是邊陲，較不受重視之地。」請問此行政單位下列何者正確？　,"['「道」\u3000', '「廳」\u3000', '「街、庄」\u3000', '「省」。']",(B)
exam-52356.doc,32.清康熙年間，有一海商向政府陳述：「彼時船出海外，非得國姓票，必不能行。」此訊息反映出什麼現象？　,"['清廷的海禁政策奏效\u3000', '清政府與鄭氏政權貿易頻繁\u3000', '清政府授權鄭成功掌管海外貿易事宜\u3000', '鄭成功壟斷海外貿易。']",(D)
exam-52356.doc,33.17世紀初期，曾經在基隆、淡水、三貂角等地築城的海洋強權國家是　,"['葡萄牙\u3000', '荷蘭\u3000', '西班牙\u3000', '英國。']",(C)
exam-52356.doc,35. 1897年，日人鳥居龍藏自創一支名為「有黥蕃」的原住民。「他們的臉部有刺黥，有獵人頭的嗜好，而其北到新店、東勢角，南到埔里社，東到蘇澳、宜蘭等地的山中，是臺灣所有蕃族中最猛惡的一支。」請問鳥居龍藏文中所指的原住民為何？　,"['布農族\u3000', '賽夏族\u3000', '魯凱族\u3000', '泰雅族。']",(D)
exam-52356.doc,36.清初時，在臺灣有一位歷史人物培育出一批有為的官員，締造一個政治清明、經濟健全的社會，他死後，當時翰林學士李光地向皇帝上書說：「臺灣不能夠遽然攻下來的原因，主要是他經營臺灣有方，今天老天厭棄中國久經戰亂，使這個人死了，從這點看來，收復臺灣指日可待了。」請問這個人是誰？　,"['鄭成功\u3000', '施琅\u3000', '鄭克塽\u3000', '陳永華。']",(D)
exam-52356.doc,37.學者認為臺灣新石器晚期，北部與東部的原住民已經有交通往來的現象，下列哪一考古發現可證明此說？　,"['十三行出土的銅錢與瓷器\u3000', '蔦松文化出土的大型聚落\u3000', '卑南文化的玉器\u3000', '墾丁文化出土的石板棺。']",(A)
exam-52356.doc,38. 西元1640年，一名荷蘭軍官向某地西班牙軍隊的指揮官提出最後通牒，限期退出該地，遭西班牙軍官拒絕。雙方開戰，西班牙軍隊戰敗投降，許多教士也被俘，並遭遣送出境。這樣的故事最可能發生在何處？　,"['巴達維亞\u3000', '基隆\u3000', '好望角\u3000', '馬尼拉。']",(B)
exam-52356.doc,39. 福建南安人何斌曾指一地是：「沃野千里，足資根據，又橫絕大海，四通外國，耕種可以足食，興販可以足用」。又因為此地「番民受紅夷凌辱，每欲反噬久矣」，於是向某人獻計攻打此地，以求「十年生聚，十年教訓」。根據上文，文中所謂「十年生聚，十年教訓」，應指何事？　,"['反清復明\u3000', '自給自足\u3000', '通商貿易\u3000', '屯田開墾。']",(D)
exam-52356.doc,40. 清朝臺灣所謂「三年一小反，五年一大亂」所指的都是民變或械鬥而無兵變，其主要原因為何？　,"['清政府實行「班兵制」，三年一調，兵將不相習\u3000', '兵員毋須納稅，沒有抗官起事的理由\u3000', '清律嚴苛，兵員謀叛滿門抄斬，多不敢犯\u3000', '兵員來自唐山，對於臺灣沒有認同感。']",(A)
exam-52448.doc,1、(  )	長江下游的三角洲地帶，因為稻的品種改良和水田的開發，米的生產量提高，而被視為中國的米倉，因此出現了「蘇常熟，天下足」的諺語。試問這是那個朝代？ ,"['唐 ', '宋 ', '元 ', '明 ']",(B)
exam-52448.doc,3、(  )	老師說：「當時的菲律賓─拉丁美洲航線，時間很長，風險很大，運費昂貴。在帆船回轉馬尼拉時，必須裝載有利可圖的貨物，這就要符合兩個條件，一是適合中國市場的需要，一是貨物本身有較高的價值，結果只有白銀符合，因此白銀大量運銷中國。」老師正在講述 ,"['十二、三世紀時白銀所以會大量流入中國的原因 ', '菲律賓所盛產的白銀是如何流入中國的 ', '十六、七世紀拉丁美洲的產品中為何只有白銀會大量運銷中國 ', '中國市場需要白銀的原因 ']",(C)
exam-52448.doc,4、(  )	中國經濟重心由華北南移江南到何時終告完成？ ,"['東漢 ', '唐代 ', '北宋 ', '南宋 ']",(D)
exam-52448.doc,5、(  )	「然而自某亂事發生後，北方雖仍保持政治中心，但北方大都市在全國經濟上已喪失原有地位。河西為吐蕃占領，陸道絲綢之路阻塞了，武威作為國際經濟文化交流點的地位也隨之喪失。范陽、鄴城經過戰亂，分別為盧龍、魏博兩鎮所割據。較之南方，北方大都市相對衰弱。」請問文中的亂事是指 ,"['永嘉之亂 ', '安史之亂 ', '靖康之難 ', '靖難 ']",(B)
exam-52448.doc,6、(  )	「集中市場制度至此時完全敗壞，零售貿易更趨活躍。商店可以隨處設立，各行各業分別集中在各街巷內，各行業又可以依需要選擇營業時間，於是出現了日市、早市、夜市等。」這種街景最有可能出現於下列那一朝代？ ,"['秦 ', '漢 ', '唐 ', '宋 ']",(D)
exam-52448.doc,8、(  )「光緒二年（1876年）英人在上海建造一條鐵路，距離很短，但鐵路沿線許多人如拉馬車者，因此失業，不久又因有人被輾死，引起輿論攻擊，乃將鐵路拆除。」上文若以「人口過剩」為主題來思考，下列陳述何者最貼切？ ,"['廉價勞力限制了科技成長 ', '勞動力的報酬遞減 ', '廉價勞力造成農業生產技術停滯 ', '過剩人口成為社會動亂根源 ']",(A)
exam-52448.doc,9、(  )	清初政府規定每一兩銀子，可以兌換一千個銅錢，但到十九世紀初期，每一兩銀子，卻可以兌換二千至三千個銅錢，這是什麼原因造成的？ ,"['西班牙人大量輸入白銀 ', '清廷一再實施海禁 ', '乾隆時僅留廣州一口給外商通商，以致白銀流入減少 ', '英國人販賣鴉片來中國，以致白銀外流 ']",(D)
exam-52448.doc,10、(  )	在中國有人描述某種外來農作物：「不需天澤，不冀人工，……不爭肥壤，……無根而生，久不枯萎；……莖葉皆無可棄，其值甚輕，其飽易充……。」這農作物是 ,"['早熟稻 ', '西瓜 ', '番薯 ', '玉米 ']",(C)
exam-52448.doc,13、(  )	明朝為了避免海外貿易破壞農業社會的平衡秩序與懼怕海外政治勢力危及其統治地位所以推行了海禁政策。「嘉靖二年（1523年）以後政府採取閉關政策，禁止與日本通商，於是日本海盜商人就與沿海一帶土豪、奸商勾結，深入內地，進行搶劫，甚至攻陷州縣，成了東南沿海人民極大的禍害。」這些資料可以理解為,"['這是「地理大發現」所產生的影響 ', '日本海盜搶劫不少中國白銀，以致白銀倒流出國 ', '文中所描述的是發生在宋朝的倭寇之亂 ', '日本海盜會來中國為亂，是正值日本國內紛亂，日本政府也無力制裁&nbsp;']",(D)
exam-52448.doc,15、(  )	商人以行業為基礎自發性或自覺性的建立某種組織，這組織可以訂立規約，約束商人的活動，也可以調停商人間的糾紛，並保護商業利益的獲得。這組織是 ,"['公會 ', '行會 ', '行幫 ', '工會 ']",(B)
exam-52448.doc,16、(  )	隋唐以降，南北經濟的轉變，對唐宋的政治、文化都有重大的影響，而促成南北經濟轉變的主要原因是 ,"['南方平原面積廣，農業發展的條件優於北方 ', '南方良港多且水運發達，貿易條件優於北方 ', '南方教育普及，人力素質好，產業條件優於北方 ', '南方安定，動亂較少，北方戰亂多，經濟殘破 ']",(D)
exam-52448.doc,17、(  )	從宋代的「蘇常熟，天下足」，到明代的「湖廣熟，天下足」，傳統的農村經濟呈現了什麼樣的趨勢？ ,"['湖廣地區的農業生產技術遠勝江南地區 ', '江南地區的農村以耕作經濟作物取代糧食作物 ', '經濟重心逐漸由北向南移動 ', '人口增加迅速，江南地區的糧食生產已無力負擔全國需求 ']",(B)
exam-52448.doc,18、(  )	隋唐雖行科舉制度，但實際影響卻很有限，其原因是 ,"['政府實施重武輕文政策 ', '考試主以八股為主，限制士人的才智 ', '難脫鄉舉里選的色彩 ', '難脫宦官外戚的掌控 ']",(C)
exam-52448.doc,19、(  )	平民得以藉著讀書考試進入政府，逐漸形成士大夫階層，是確立於那一朝代？ ,"['隋 ', '唐 ', '宋 ', '明']",(C)
exam-52448.doc,20、(  )	宋代士大夫對國家社會有強烈的使命感，於是在學術上所表現的是什麼學術的興起？ ,"['玄學 ', '經學 ', '理學 ', '考據學 ']",(C)
exam-52448.doc,21、(  )	話本是城市民間藝人──「說話人」所用的底本。話本的內容，廣泛地反映社會生活，特別是城市中的小商人、手工業者和下層婦女的生活。以上所述是指那一朝代的作品？ ,"['唐 ', '宋 ', '元 ', '明 ']",(B)
exam-52448.doc,22、(  )	有一朝代的知識分子徘徊於「聖之清」與「聖之任」的痛苦抉擇中；若不齒異族政權，高蹈不仕，雖達到了「聖之清」的理想，但就儒者對天下國家之責任言，則難免大節有虧；若以天下為己任，出而為仕，完成了「聖之任」的志業，於個人操守又有未安。請問這朝代是 ,"['遼 ', '金 ', '元 ', '清 ']",(C)
exam-52448.doc,23、(  )	宋以後的社會，由於世族門第的消融，需要一種新的力量，對上能監督政府，對下能援助百姓，於是在平民大眾間產生一種階層的人，他們對民生疾苦、社會脈動十分了解，自然就成為政府與人民間的橋梁。這階層的人是,"['宗族長 ', '士紳 ', '買辦 ', '說書人 ']",(B)
exam-52448.doc,26、(  )	█ 城在我國古代的城市發展史是有其突出地位的。它改變了以前的城市坊里制度，形成開放式的大街小巷。人們不再居住在高大坊牆圍繞的坊裡，且可以在沿街設店。█ 是指 ,"['西漢長安 ', '唐朝洛陽 ', '北宋汴京 ', '明朝北京 ']",(C)
exam-52448.doc,29、(  )	清代乾隆、嘉慶年間，英國派遣特使來華交涉，主要的原因是 ,"['天主教被禁，要求弛禁 ', '受東印度公司壟斷遠東貿易，要求弛禁 ', '對當時中西貿易及中國對外措施不滿，期望獲得改善 ', '想與中國建立正式外交關係 ']",(C)
exam-52448.doc,35、(  )	學者指出：清代各省督撫權力，因為「此一事件」而獲得擴張的機會，此後，政局逐漸出現外重內輕的情形。除此漢人督撫因平亂有功，政治勢力亦抬頭，所謂「此一事件」最可能是下列何者？ ,"['川楚教亂 ', '鴉片戰爭 ', '太平天國起事 ', '八國聯軍 ']",(C)
exam-52803.doc,【題組】,"['38.承上題，該傳應該記載了那些相關史事？  ', '世族子弟與進士新貴意氣相爭  ', '門閥勢力架空皇室  ', '士大夫抨擊宦官']",(C)
exam-54975.doc,2. (甲)十三行文化；(乙)長濱文化；(丙)芝山岩文化；(丁)大坌坑文化。關於臺灣的史前文化，按時間先後順序排列，何者正確？　,"['乙丙丁甲\u3000', '丁乙甲丙\u3000', '甲乙丙丁\u3000', '乙丁丙甲。']",(D)
exam-54975.doc,3. 某個石器時期遺址出土以下遺物：堆積如山的獸骨、許多遭外力砍斷手腳的人體骨骸、眾多的小型房舍、破碎的陶器堆。根據你的歷史知識，學者應如何判斷這個遺址可能的時代？　,"['殘缺不全的人體骨骸，反映此期可能是戰爭趨於頻繁的新石器中晚期\u3000', '為數眾多的小房舍，反映此期可能屬於農業剛萌芽的新石器早期階段\u3000', '破碎的陶器說明此期屬於舊石器時期，人類剛開始知道如何製作陶器\u3000', '堆積如山的獸骨，說明此遺址的經濟型態是以狩獵為主的舊石器時期。']",(A)
exam-54975.doc,4. 資料一：「此族大多為小家庭，社會中最重要的團體是祭團，部落首長經常由祭團領袖產生。」資料二：「民族性強悍，男子勇武，屬父系社會，又有黥面習俗。」請問：資料一、二所指的是哪一族群？　,"['阿美族\u3000', '排灣族\u3000', '布農族\u3000', '泰雅族。']",(D)
exam-54975.doc,5. 歷史老師請同學觀賞臺灣原住民介紹的影片並附文字說明。第一段：「此族是父系社會，愛好和平，以矮靈祭聞名。」第二段：「舟船雕刻優美，男性穿丁字褲，擅長捕魚。」第三段：「母系社會，服飾鮮豔，喜愛紅色，熱愛歌舞。」老師請同學發表意見（三段文字論述順序的族群）。其何人的敘述正確？　,"['甲生：魯凱、達悟、阿美族\u3000', '乙生：賽夏、達悟、布農族\u3000', '丙生：泰雅、賽夏、達悟族\u3000', '丁生：賽夏、達悟、阿美族。']",(D)
exam-54975.doc,6. 關於臺灣史前時代的三段資料。(甲)：「文化遺址是個小型的聚落，顯示已有定居的生活，已使用磨製的石器，雖有農耕生活，但漁獵、採集仍然是主要的生產方式。」(乙)：「石器全是打製法製成，沒有發現磨製的石器，也未出現耕作與飼養畜牲的情形。」(丙)：「出土各種精美的玉器與陶製品，也有很多石板棺墓葬及豐富的陪葬品。」根據歷史發展順序，何者正確？　,"['甲乙丙\u3000', '乙甲丙\u3000', '乙丙甲\u3000', '丙乙甲。']",(B)
exam-54975.doc,7. 十三行文化代表臺灣北部鐵器文化，除了鐵器之外，也出現瓷器，以及「五銖錢」、「開元通寶」等錢幣，下列哪一推論較為合理？　,"['臺灣北部曾經被唐宋朝統治過\u3000', '臺灣與中國間曾經來往過\u3000', '臺灣自漢代以降即是中國領土的一部分\u3000', '臺灣冶鐵技術可能超越中國。']",(B)
exam-54975.doc,9. 臺灣地區研究史前文化特重遺址、遺物的考證。有關臺灣史前文化遺址之敘述，何者正確？　,"['臺東長濱文化已有定居聚落，且過著農業生活\u3000', '臺北圓山文化的貝塚，反映其生活尚停留在採集漁獵階段，所以應屬舊石器時代的遺址\u3000', '牛罵頭文化的墾丁類型發現有穀痕的陶片，是臺灣所見最早的稻米栽培證據\u3000', '位於臺北八里鄉的十三行文化遺址中，有煉鐵作坊出土，已證實進入金屬器時代。']",(D)
exam-54975.doc,10. 十六世紀中後期，臺灣西南部地區出現了一個日本聚落。這個聚落出現的最可能原因為何？　,"['日本長期和平，以致人口過剩，必須向外移民\u3000', '日本缺乏蔗糖，以此地為據點，從事甘蔗種植\u3000', '日本入華的僧人，在此地學習，引入中國文化\u3000', '日本倭寇當時以此為據點，騷擾中國東南沿海。']",(D)
exam-54975.doc,11. 某時期中，臺灣當局對入港船隻課徵關稅，來臺漢人除繳納田租外，還須申請執照，繳交費用後才可打獵、捕魚；年滿7歲者，均須繳交人頭稅。發布這個命令的人應是　,"['荷屬東印度公司總督\u3000', '鄭氏時期的承天知府\u3000', '康熙年間的臺灣知府\u3000', '日據時期的臺灣總督。']",(A)
exam-54975.doc,12. 在一份官文書中提到「（本藩）已手闢草味，與爾文武各官，及各鎮大小將領，官兵家眷，盡來胥宇，總必創建田宅等項，以遣子孫計。但一勞永逸，當以己力經營，不准混侵土民及百姓現耕物業。茲將條開列於後，咸使遵依。如有違越，法在必究，著戶官刻板頒行。」請問這份資料是誰提出來的？主要是實施哪項政策？　,"['鄭成功到臺灣後，為了要解決軍民糧食問題所發的文書\u3000', '施琅平定臺灣後，為了解決駐臺官兵糧食問題發的文書\u3000', '沈葆楨為推動新政建設，鼓勵官兵開墾土地所發的文書\u3000', '劉銘傳於臺灣建省後，鼓勵開墾，並保障原住民的地權。']",(A)
exam-54975.doc,13. 此對聯係曾任臺防唐景崧所寫：「由秀才封王，撐持半壁舊山河；為天下讀書人頓生顏色；驅外夷出境，開闢千秋新世界，願中國有志者再鼓雄風。」此對聯是指何人？　,"['鄭成功\u3000', '鄭經\u3000', '陳永華\u3000', '劉銘傳。']",(A)
exam-54975.doc,15. 馬公天后宮是臺灣地區最早的媽祖廟，廟中有一石碑：「沈有容諭退紅毛番韋麻郎」。請問：這塊石碑透露出何種歷史意義？　,"['碑文所稱的「紅毛番韋麻郎」應是西班牙東印度公司人士\u3000', '此碑表示中國朝廷對西方宣告了臺澎主權的不容侵犯\u3000', '此碑表示當時的朝廷繼承了元代對澎湖一帶的所有權\u3000', '此事件說明了中國當時海外殖民遇上強勁的歐洲對手。']",(C)
exam-54975.doc,17. 關於荷蘭統治臺灣的措施，何者敘述錯誤？　,"['政策上有鎮壓、安撫、教化三種\u3000', '兩次攻打大肚番王\u3000', '採地方會議制，各社以長老行使司法權，授予權杖\u3000', '荷蘭人對漢人施以高壓統治，引起朱一貴之亂。']",(D)
exam-54975.doc,19. 自鄭成功始，到鄭經時代，清廷數度招撫鄭氏，進行和談。然而哪項問題是衝突最激烈、最不容易妥協達成協議的項目？　,"['薙髮留辮\u3000', '朝貢次數\u3000', '派官駐兵\u3000', '勢力範圍。']",(A)
exam-54975.doc,20. 某一史著中有「從海盜變將軍」、「先降明後降清」、「集盜商、政客於一集」、「父子不同心」等項目，根據你的歷史知識來研判，此歷史主角為何？　,"['顏思齊\u3000', '施琅\u3000', '鄭芝龍\u3000', '鄭成功。']",(C)
exam-54975.doc,21. 關於澎湖早期歷史的敘述，何者正確？　,"['漢人來澎湖定居的時間晚於臺灣\u3000', '中國政府曾在澎湖置兵防守，是因有韓國人來攻的緣故\u3000', '澎湖曾一度被荷蘭人和西班牙人占領\u3000', '元曾在澎湖島上設巡檢司。']",(D)
exam-54975.doc,22. 清代的土地拓墾通常是伴隨著水利開發而發展，當時最具代表性的水利設施，如：(甲)八堡圳；(乙)曹公圳；(丙)瑠公圳；(丁)貓霧拺圳，由北而南依序為何？　,"['丙丁甲乙\u3000', '丙甲丁乙\u3000', '甲丁丙乙\u3000', '丁乙丙甲。']",(A)
exam-54975.doc,23. 清治時期出現在臺灣的「南郊」、「北郊」商業組織，是以何種條件作區分？　,"['相同的居住地\u3000', '相同的商品\u3000', '相同的祖籍\u3000', '相同的貿易地區。']",(D)
exam-54975.doc,24. 「一府、二鹿、三艋舺」的繁榮盛況是如何發展出來的？　,"['與大陸通商貿易的結果\u3000', '開港通商，發展國際貿易\u3000', '茶葉、樟腦的大量出口\u3000', '位居鐵路的要站。']",(A)
exam-54975.doc,25. 「臺灣雖屬外島，實關四省之要害。勿論彼中耕種，猶能少資兵食，故當議留；即為不毛之地，必藉內地輓運運輸，亦斷斷乎其不可棄！棄之必釀成大禍，留之誠永固邊疆。」這段關於臺灣的討論所指的是下列何者？　,"['何斌給鄭成功占領臺灣的建議\u3000', '清廷建議荷蘭人移往臺灣的建議\u3000', '施琅給康熙希望保留臺灣的建議\u3000', '唐景崧在聽到《馬關條約》後，希望清廷不要割讓臺灣的建議。']",(C)
exam-54975.doc,26. 地方志記載：「此人在富戶的支援下，聚眾二百餘人，進入蕃地。1798年在烏石港築成頭城，作為拓墾的基地，其後閩、粵移民陸續加入，逐漸拓墾，終將宜蘭平原全境開拓。」文中的「此人」是何者？　,"['王世傑\u3000', '黃林旺\u3000', '張達京\u3000', '吳沙。']",(D)
exam-54975.doc,27. 在臺灣拓墾史上，出現「割地換水」（雍正間中部岸里社原住民讓出部分土地，以換取水利權持分的「割地換水」的投資方式）的拓墾方式，是指哪項水利灌溉工程？　,"['八堡圳\u3000', '貓霧拺圳\u3000', '瑠公圳\u3000', '曹公圳。']",(B)
exam-54975.doc,28. 清康熙年間，漢人移民至今雲林、彰化一帶拓墾，相關事務應屬於哪一行政單位管理？　,"['臺灣府\u3000', '臺灣縣\u3000', '諸羅縣\u3000', '鳳山縣。']",(C)
exam-54975.doc,29. 清治時期，內地人口大幅增加。當人口到了一定程度時，必須向外發展。臺灣是當時漢人移民的一個重要目的地。清政府原對閩粵地區移民臺灣抱著禁止的態度，但是大陸渡海來臺的移民源源不斷，於是出現如下的政策與報告：(甲)政府公布：「臺地現在開闢後山，舊例應行弛禁，所有從前不准內地人民渡臺及私入番境各例禁，已一律開除，不復禁止。」(乙)地方官報告：「流移開墾之眾，已漸過斗六門以北矣。」(丙)地方官報告：「流移開墾之眾，漸過半線、大肚溪以北矣。」請問：這些事件發生的時間順序應是哪一組合？　,"['甲乙丙\u3000', '乙丙甲\u3000', '甲丙乙\u3000', '丙乙甲。']",(B)
exam-54977.doc,13.在臺灣拓墾史上，出現「割地換水」（雍正間中部岸里社原住民讓出部分土地，以換取水利權持分的「割地換水」的投資方式）的拓墾方式，是指哪項水利灌溉工程？　,"['八堡圳\u3000', '貓霧拺圳\u3000', '瑠公圳\u3000', '曹公圳。    ']",(B)
exam-54977.doc,18.小蘭參加畢業旅行，老師帶他們參觀一個景點叫做「石門」，並且向同學們說明一百多年前，原住民在此英勇地抵抗日軍的侵略。請問這個景點位於現在的那裡？ ,"[' 臺北縣 ', ' 桃園縣 ', ' 臺南市 ', ' 屏東縣。    ']",(D)
exam-54977.doc,21.下列是三段有關臺灣法律的資料，請根據日本殖民統治階段的演變，排列其先後順序：甲：日本本土法律適用於臺灣。乙：臺灣總督為臺灣最高行政長官，有緊急命令權，可不經國會頒布具法律效力之命力。丙：總督擁有律令制定權和緊急命令權，但其頒布之命令或律令不得牴觸日本本國法律或天皇敕令　,"['甲、乙、丙\u3000', '甲、丙、乙\u3000', '乙、丙、甲\u3000', '丙、乙、甲。      ']",(C)
exam-54977.doc,22.下列為某一組織的檄文：「日本要索臺灣，竟有割臺之款。……今已無天可籲，無人可援，臺民唯有自主，推擁賢者，權攝臺政。事平之後，當再請命中朝，作何辦理。」對於此一檄文的正確理解為何？ ,"[' 表示臺灣人脫離清朝統治的決心 ', ' 宣示成立政權僅是權宜之計 ', ' 宣告正式接受日本統治 ', ' 宣告臺灣真正獨立自主。    ']",(B)
exam-54977.doc,23.有一港口的開港與彰化區域的開發具有密切關係，它與大陸的蚶江形成對渡，是臺灣北部商販運銷貨物到中國大陸的主要港口。這港口是 ,"[' 鹿耳門 ', ' 鹿港 ', ' 梧棲 ', ' 八里坌。    ']",(B)
exam-54977.doc,24.有份資料記載：「光緒十二年（1886年）四月正式開始，於南北兩府各設總局，選派三十餘人，分赴各縣，會同地方正紳，先查保甲，就戶問糧，戶畝查明，再行逐田清丈，就田問賦。……光緒十五年始全部清丈給單，溢出原額田數倍，約四百萬畝。」這段資料所陳述的內容是 ,"[' 劉銘傳進行清賦工作 ', ' 丁日昌向朝廷稟報清賦經過 ', ' 劉銘傳廢除大租戶的過程 ', ' 沈葆楨招徠開墾者的經過。     ']",(A)
exam-54977.doc,25.清廷下令：「北路起至南路止，築土牆高五、六尺，深挖濠塹永為定界，越界者以盜賊論。如此奸民無窩頓處，野番不能出為害。」這法令是 ,"[' 「渡臺禁令」 ', ' 班兵令 ', ' 以土牛紅線來隔離漢番 ', ' 要漢人準時繳納番大租。    ']",(C)
exam-54977.doc,26.臺灣有一個時期，出現一個形容娶妻之難的諺語：「一錢，二緣，三水，四少年，五好嘴，六敢跪，七纏，八迷，九強，十敢死。」，請問這段諺語出現的背景如何？　,"['臺灣婦女地位提升，年輕貌美的女生較值錢\u3000', '清廷規定內地男性必須單身赴臺，而造成臺灣社會男多女少的現象\u3000', '臺灣男性多半社會地位很高，因此不容易找到合適的結婚對象\u3000', '臺灣女性不願意嫁給來自內地的外省人士。   ']",(B)
exam-54977.doc,"31.「1916年，臺灣總督府設立臨時法庭，以《匪徒刑罰令》來審判抗日分子，被告1,900多名，被處死的有866人，有期徒刑453人。此案情傳出震驚國際，連日本國內都感到驚訝，有人認為處死刑者逾千，為世界裁判史尚未曾有的大事件。」請問：此事件所指為何？　","['苗栗大湖事件\u3000', '霧社事件\u3000', '簡大獅事件\u3000', '余清芳事件。  ']",(D)
exam-54977.doc,34.「謀臺灣文化之向上，切言之，即互相切磋道德之真髓，圖教育之振興，獎勵體育，涵養藝術趣味，以期穩健之發達，其歸結務在實行。」請問：以上是哪一組織成立的宗旨？　,"['臺灣民眾黨\u3000', '臺灣地方自治聯盟\u3000', '臺灣文化協會\u3000', '臺灣議會設置請願運動。    ']",(C)
exam-54977.doc,【題組】,"['39.事件爆發後，產生的影響為何？\u3000', '蔗農放棄對資本家的抗爭\u3000', '資本家退讓，接受蔗農的所有要求\u3000', '農民成立「臺灣農']",(C)
exam-54994.doc,1.有一群考古隊在臺灣西部發現文化遺址，出土打製石器及漁撈、狩獵的角器、石器等，並沒有出土農具及農耕痕跡。請問：由此研判，此遺址應是？　,"['網形文化\u3000', '大坌坑文化\u3000', '芝山岩文化\u3000', '墾丁文化。       ']",(A)
exam-54994.doc,2.根據研究，金包里社的人經常在基隆收購漢人的印花布、醃製魚及醬油，並將這些東西運至宜蘭、花蓮販賣。同時，他們再與當地人交易鹿皮或米，運回基隆售予漢人，這條經基隆、宜蘭到花蓮的貿易路線就這樣掌控在金包里社的原住民手上。試問金包里應該隸屬於那一個部落？ ,"[' 達悟族 ', ' 馬賽族 ', ' 噶瑪蘭族 ', ' 太魯閣族。      ']",(B)
exam-54994.doc,3.在澎湖群島與臺灣本島之間的海溝中，日本古生物學家曾撈獲哺乳類動物化石，而臺灣學者所收藏的澎湖海溝標本中亦帶有明顯的「人工砍痕」，此兩者顯示臺灣曾與中國大陸相連，人與動物可從亞洲大陸直接走過來。試問：下列何種文化出現的時間與此時期相當？　,"['大坌坑文化\u3000', '十三行文化\u3000', '長濱文化\u3000', '圓山文化。         ']",(C)
exam-54994.doc,4.某本《臺灣觀光指南》中介紹某個縣市的特色時寫道：「第一個漢人政權在臺灣建立的統治據點就在這裡；附近靠中央山脈的鄉鎮還出土了舊石器時代的人骨化石；而荷蘭時代所創造的新港文字，在這兒也運用了相當一段時間。」請問：其所介紹的地點應是下列何處？　,"['臺北\u3000', '高雄\u3000', '臺南\u3000', '新竹。    ']",(C)
exam-54994.doc,11.Henry是荷據臺灣時期來臺的荷商，在他寫給妻子的家書中，可能會描述到哪一項他在臺所見所聞的情形？　,"['有許多外國商人聚集在鹿港買茶，競爭激烈\u3000', '曾到赤崁樓參觀，並對樓前的記功碑深感興趣\u3000', '常與平埔族換購鹿皮，獲利甚豐\u3000', '盛讚東印度公司對中北部原住民的全面有效控制。          ']",(C)
exam-54994.doc,12.當我們到臺灣山區旅行時，常常看到原住民部落中皆設有教堂。此種情況最早可追溯至何國統治臺灣時，對原住民採懷柔的統治？ ,"['荷蘭 ', '西班牙 ', '葡萄牙 ', '英國。        ']",(A)
exam-54994.doc,16.某人曾在書信中說到：「….全師而退，遠絕大海，建國東寧，別立乾坤，自以為休兵息民，可相安於無事。」請問此人是誰？ ,"['鄭克塽\u3000', '鄭芝龍\u3000', '鄭成功\u3000', '鄭經。      ']",(D)
exam-54994.doc,21.以下為甲、乙兩方的談判。甲方要求：援朝鮮例，不薙髮，世守臺灣，稱臣納貢而已。乙方反駁：臺灣非朝鮮，難以援朝鮮之例。甲方、乙方分別為何？ ,"[' 甲方：荷蘭東印度公司；乙方：鄭成功 ', ' 甲方：鄭經；乙方：康熙帝 ', ' 甲方：西班牙人；乙方：荷蘭東印度公司 ', ' 甲方：鄭成功；乙方：荷蘭東印度公司。        ']",(B)
exam-54994.doc,25.根據英人李斯所著臺灣島史的記載：「（荷蘭人）田野拓殖的困難在缺乏可供勞動的家畜，因臺灣土番（西拉雅族）沒有飼養牛馬，東印度公司以貸款……購牛隻交給蕭壠村民豢養」；又魏源康熙勘定臺灣記描述閩人在崇禎年間來臺開墾「會閩大旱，芝龍言於巡撫，以船徙民數萬至臺灣，每位農民給銀三兩，耕牛一頭，使荒島漸成邑聚」。從上列材料可得知，臺灣早期開發的情形是： ,"['在十六、十七世紀以前臺灣的原住民以狩獵捕漁主，不知農 ', '在漢人墾殖臺灣之前，當地原住民的農業僅以簡單的農具及人力從事農 ', '早期臺灣的住民較少，鹿場提供充足的資源，不必飼養牛 ', '漢人與荷人引進耕牛，大力開墾臺灣後，才有水稻的種植。        ']",(B)
exam-54994.doc,27.一位臺灣商人說：「臺灣沃野千里，四通外洋，居民受紅毛欺凌，每欲反抗，若臨之以天威，如猛虎之逐群羊。得其地，足以廣國；取其材，足以餉兵；進退戰守，無逾此者。」以上文句是　,"['明天啟年間向鄭芝龍建議\u3000', '明永曆年間向鄭成功建議\u3000', '清同治年間向沈葆楨建議\u3000', '清光緒年間向劉銘傳建議。          ']",(B)
exam-54994.doc,28.十六世紀中後期，臺灣西南部地區出現了一個日本聚落。這個聚落出現的最可能原因是： ,"['日本長期和平，以致人口過剩，必須向外移民 ', '日本缺乏蔗糖，以此地為據點，從事甘蔗種植 ', '日本入華的僧人，在此地學習，引入中國文化 ', '日本倭寇當時以此為據點，騷擾中國東南沿海。    ']",(D)
exam-54994.doc,30.近代史上有一西方國家想到中國來發展，並且曾入侵一小島。「當時中國的官吏用雞籠（基隆）和淡水產有黃金和珍珠來鼓動他們前去臺灣，這些官員甚至表示願意提供熟悉臺灣水路的中國船員帶其到臺灣，以便在臺找到合適的港口。」根據上述資料，這件史事應該是 ,"['明代─荷蘭─澎湖 ', '明代─葡萄牙─澳門 ', '清代─英國─香港 ', '清代─西班牙─澎湖。      ']",(A)
exam-54994.doc,32.此對聯係曾任臺防唐景崧所寫：「由秀才封王，撐持半壁舊山河；為天下讀書人頓生顏色；驅外夷出境，開闢千秋新世界，願中國有志者再鼓雄風。」此對聯是指何人？　,"['鄭成功\u3000', '鄭經\u3000', '陳永華\u3000', '劉銘傳。     ']",(A)
exam-54994.doc,34.臺灣原住民至少有十三族，卻被視為一個族群，其最主要的原因何在？ ,"[' 共同語言：臺灣原住民的語言多屬「南島語系」，其各族人民可以彼此溝通 ', ' 共同血緣：臺灣原住民的各族皆可追溯自共同的祖先，因為各族都是從東南亞某地同時渡海來臺 ', ' 認同：在近代以前，臺灣原住民雖分為多族，但彼此認同，自認為是同一個民族 ', ' 歷史因素：臺灣原住民是近代漢人大量移民前的居民，漢人移民造成漢人與原住民的衝突，原住民漸被視為一個群體。     ']",(D)
exam-54996.doc,5.孔子在魯國當官，最後因季孫氏舞八佾於庭，認為「是可忍也，孰不可忍也」，因而離開魯國。請問：孔子因季孫氏違背哪種思想而不能忍受？　,"['正名\u3000', '德治\u3000', '仁\u3000', '王道。      ']",(A)
exam-54996.doc,7.有一種學說，認為人類不但沒有深厚的情感，更缺乏遠大的見識，像孔子這樣的聖人只能感化七十二人，但魯哀公一般5庸君卻能號令一國。所以，尊君專制是唯一治民的方法。這一說法應怎樣解讀？ ,"['其理論的根據在於反對人性本善，主張人性本惡，應屬於荀子所倡學說 ', '其重點在於認為國君統治臣民不能依賴仁義，而是要用威勢，屬韓非所倡學說 ', '其論點在於絕聖棄智，反璞歸真，回到小國寡民狀態，屬老子所倡學說 ', '其要點在辨別聖人與國君的不同，屬於名實同異的問題，是惠施、公孫龍的學說。       ']",(B)
exam-54996.doc,13.某個石器時期遺址出土以下遺物：堆積如山的獸骨、許多遭外力砍斷手腳的人體骨骸、眾多的小型房舍、破碎的陶器堆。根據你的歷史知識，學者應如何判斷這個遺址可能的時代？ ,"['殘缺不全的人體骨骸，反映此期可能是戰爭趨於頻繁的新石器中晚期 ', '為數眾多的小房舍，反映此期可能屬於農業剛萌芽的新石器早期階段 ', '破碎的陶器說明此期屬於舊石器時期，人類剛開始知道如何製作陶器 ', '堆積如山的獸骨，說明此遺址的經濟型態是以狩獵為主的舊石器時期。    ']",(A)
exam-54996.doc,16.「周威烈王二十三年初，命晉大夫魏斯、趙籍、韓虔為諸侯。」臣光曰：「臣聞天子之職莫大於禮，禮莫大於分，分莫大於名……，嗚呼！幽、厲失德，周道日衰，綱紀散壞，下陵上替，諸侯專征、大夫擅政，禮之大體什喪七八矣！」依大臣對周威烈王的勸諫，我們可以發現當時社會有何轉變？ ,"['據資治通鑑分期，三家分晉是春秋時代的開始，所以這段史實發生在東周初期 ', '晉國大夫賢能，周天子拔擢人才，命三人為諸侯，以為屏障 ', '這是戰國時代的開始，強大貴族已凌駕諸侯之上 ', '諸侯的權力下降，不僅受制於周天子，在國內也受制於強大的貴族。   ']",(C)
exam-54996.doc,18.「其生也勤，其死也薄，其道大觳；使人憂，使人悲，其行難為也；……反天下之心，天下不堪。□□雖獨能任，奈天下何！」這一段評論是在說明某一學派的滯礙難行。□□應該填上 ,"['孟子 ', '莊子 ', '韓非 ', '墨子。    ']",(D)
exam-54996.doc,19.今人研究中國古史，多有「傳說時代」的觀念，某學者說：「從現在的歷史來看，只有到殷墟時代，才能算作進入了狹義的歷史時代。」此處所謂「狹義的歷史」是指「信史」。這位學者的意見反映了二十世紀中國歷史學家的史學方法，請問這位學者以殷墟時代為「傳說時代」與「信史」間之分野的理由何在？ ,"['因為中國文獻中沒有關於殷墟時代以前的記載，故只有憑藉殷墟甲骨文的出土，我們才能得知商以前的歷史 ', '雖然中國文獻中有許多關於殷墟時代以前的記載，但學者認為必須配合地下文物的出土，才能被證明為信史 ', '中國的考古發現中最早文物出自殷墟，且歷史研究的唯一根據是地下出土的文物，故中國的信史始自殷墟 ', '中國文化淵源於殷商文化，在殷墟時代以前的歷史多非中國文化，故不是中國史的一部分。       ']",(B)
exam-54996.doc,21.大炳和小炳是生活在西周時期的一對親兄弟。大炳說：「我將以繼承人的身分繼承我父親的地位」，小炳說：「身為小宗，我只能擔任諸侯的位子」。根據以上談話，兩人的父親應該是 ,"['西周的天子 ', '西周的諸侯 ', '西周的卿大夫 ', '西周的士。     ']",(A)
exam-54996.doc,24.「尚書」在先秦原是掌文書的小官，職卑權輕；漢武帝時成為加予士人方便出入內廷的官銜而已，負責在皇帝與丞相之間轉達文書，但沒有參與決策的權力；東漢光武帝時，將參政權下放予尚書，有關選舉誅賞與參議朝政，都由尚書負責；漢順帝時尚書已成外朝的官員。由以上對尚書職權變化的敘述，反映出的現象為何？　,"['皇帝不願強臣干政，打壓相權，晉用內臣\u3000', '相權地位不斷提高，君權不斷降低\u3000', '君權旁落，尚書權愈來愈大\u3000', '尚書由朝廷大官變成地方官。    ']",(A)
exam-54996.doc,30.史書記載：漢景帝時，景帝的弟弟梁孝王入宮晉見，皇帝相當親熱，得知梁孝王有五位兒子，便賜給他們五人侯爵之位，並賞賜許多物品。梁孝王死後，景帝將梁孝王所遺之國分為五份，每位侯爵一份，又把他們的爵位通通提升為王。歷史學者讀到這段故事，最恰當的解釋是 ,"['皇帝友愛兄弟，也疼愛子姪，所以要提升他們爵位 ', '皇帝擔心外患，所以要加強位在邊境的梁國屏障功能 ', '皇帝擔心梁國成為帝國心腹之患，所以實施「眾建」 ', '皇帝推行開發邊疆政策，所以要邊境國梁國多發展。     ']",(C)
exam-54996.doc,31.以下記載是中國正史對外族的描述：史記：「匈奴逆天理，……以盜竊為務，……苟利所在，不知禮義。」漢書：「夷狄之人，貪而好利，被髮左衽，人面獸心。」新唐書：「（回紇）貪婪尤甚，以寇抄為生。」關於史料中所謂「盜竊」或「寇抄」的討論，以下選項何者適當？ ,"['因為游牧民族生活貧困，嚮往農業民族的生活方式，常以劫掠的手段取得經濟利益，故外族入侵的確是盜賊的行為 ', '外族有盜賊的天性，道德有嚴重缺陷，在這種民族性的驅使下，不斷入侵農業民族，故外族入侵的確是盜賊的行為 ', '這些記載都出自中國統治階層，是農業民族對於游牧民族的刻板印象，並非實情，游牧民族根本不需要入侵農業民族 ', '外族的確不斷入侵，正史的記載反映了農業民族的憤怒，只是傳統正史不考慮游牧民族的立場及游牧社會的經濟特性。     ']",(D)
exam-54996.doc,34.社會階層是指社會上分成不同地位高下的階層，如貴族、奴隸等；社會流動是指不同階層出身者可以因為後天因素而轉換成另一個階層，如平民可以因為努力而變成官員。社會流動變大的意思是不同階層出身的人轉換另一個階層的可能性變大。若用這二個概念分析春秋、戰國的歷史變動，何者為是﹖ ,"['社會階層的分級變少，社會流動則大 ', '社會階層的分級變多，社會流動也變大 ', '社會階層的分級變少，社會流動也變小 ', '社會階層的分級變多，社會流動則變小。     ']",(A)
exam-55032.doc,12. 中國首次設立民選議政機關是在 ,"['自強運動 ', '戊戌變法 ', '庚子新政 ', '立憲運動。']",(D)
exam-55070.doc,1.「聲色的由來，發自人的情和性，是很自然的，難道可以勉強得來嗎？所以只要自然的發於情、性，自然就會合乎禮義，而不是在情、性以外，另外有禮義可以制止（情性）。」「自古以來，忠孝節烈的事，從（抽象的）道理上做，一定勉強。從人的至情上做出來的，一定真心。一般的儒者，只知道理是情的規範，誰知道『情』其實是『理』的支架。」上述看法和《牡丹亭》有共通之處者為何？　,"['表達禮義的重要\u3000', '表達知識的重要\u3000', '打破禁忌，正面處理情欲的主題\u3000', '認同舊禮教。']",(C)
exam-55070.doc,2.明末清初文學批評家金聖歎謂：「不讀此書，不知天下之奇」；胡適也謂：「永不磨滅之奇書」；馮夢龍將之列為「宇內四大奇書」之一；此書描寫宋朝各地忠義軍前後保衛祖國抗金故事，真可謂「無義不歸綠林，無惡不歸朝廷」。此書是指：　,"['《儒林外史》\u3000', '《七俠五義》\u3000', '《水滸傳》\u3000', '《金瓶梅》。']",(C)
exam-55070.doc,3.下列名言佳句與思想家，請選出錯誤的組合：　,"['民吾同胞，物吾與也：張載\u3000', '一念發動處，便即是行了：王守仁\u3000', '涵養須用敬，進學在致知：陸九淵\u3000', '易簡工夫終久大，支離事業竟浮 ：陸九淵。']",(C)
exam-55070.doc,4.「富貴不過三代」、「萬般皆下品，唯有讀書高」、「餓死事小，失節事大」等上述社會現象及價值觀，盛行於何時？　,"['唐朝\u3000', '宋朝\u3000', '元朝\u3000', '明朝。']",(B)
exam-55070.doc,5.貴州屯堡的居民至今仍保留明朝江南故地的生活習俗，鄉音不改、服裝依舊。請問這些貴州屯堡的居民從江南遷移到貴州的原因為何？　,"['原居地謀生不易，故移民以求溫飽\u3000', '軍事移民\u3000', '逃避戰禍\u3000', '受到原居地居民的排擠。']",(C)
exam-55070.doc,6.有部小說寫徽州地區有著這樣的一種習俗：「凡是商人歸家，外而宗族朋友，內而妻妾家屬，只看你所得歸來的利息多少為重輕。得利多的，盡皆愛敬趨奉；得利少的，盡皆輕薄鄙笑。猶如讀書求名的中與不中歸來的光景一般。」這可能出自下列哪一部小說？　,"['《二拍》\u3000', '《儒林外史》\u3000', '《金瓶梅》\u3000', '《紅樓夢》。']",(A)
exam-55070.doc,7.郭靖是宋朝的讀書人，他即將要報考科舉，請問他會遇到什麼狀況？　,"['考試不嚴密，沒有防止作弊的措施\u3000', '考試題目僅限「四書」、「五經」，須以八股文形式書寫\u3000', '進士及第後，要再通過吏部的「身、言、書、判」\u3000', '進士及第後，要參加殿試，成為「天子門生」。']",(D)
exam-55070.doc,8.某一外族連年寇擾宋朝，該外族雖屢勝，但因戰爭的消耗及民間貿易的中斷，使該族人民「飲無茶，衣帛貴」，怨聲四起。後來該族與宋朝達成和議，宋人以絲織品、糧食、瓷器等交換該族的馬、牛、羊、駱駝、毛毯等。不過，和議雖成，兩國間仍經常爭戰不休，造成宋朝國庫極為嚴重的負擔。請問此外族是：　,"['契丹\u3000', '女真\u3000', '党項羌\u3000', '蒙古。']",(C)
exam-55070.doc,9.宋朝的文化在中國歷代文化中可稱之為第一，文人、庶民的活力均達鼎峰。以下各項始於宋朝者有：　(甲)瓦子、茶館林立，飲茶普及民間　(乙)樂舞日益普及，不再為貴族官宦獨享，隊舞、儺舞、秧歌、花鼓均極流行　(丙)勾欄瓦舍遍布京城要地，除了話三國外，《金瓶梅》、《水滸傳》亦是受大眾歡迎的題材　(丁)與唐詩格調迥異，長短不拘，又可入樂的長短句興起　(戊)特重意境及雅趣的文人畫興起　,"['全\u3000', '(甲)(乙)(丙)\u3000', '(甲)(乙)(戊)\u3000', '(乙)(丁)(戊)。']",(C)
exam-55070.doc,10.資料：「自明中葉以後，講學之風，已為極敝，高談性命，束書不觀，其稍平者則為學究，皆無根之徒耳。先生始謂學必源本於經術，而後不為蹈虛，必證明於史籍而後足以應務，元元本本，可據可依，前此講堂錮疾，為之一變。」請問上文所述應是何人？　,"['徐光啟\u3000', '王陽明\u3000', '黃宗羲\u3000', '宋應星。']",(C)
exam-55070.doc,11.王永欣穿越時空隧道，來到十二世紀的汴河邊，河邊矗立著「大相國寺」，這個地區商業繁華，各地貨物均在此交易，碼頭人聲鼎沸熱鬧非凡。以下敘述，何者不符合這個城市？　,"['全國交通樞紐、漕運中心\u3000', '坊制消失、宵禁不再、夜市景觀迷人\u3000', '胡姬胡舞招展，胡肆、胡食遍布\u3000', '《清明上河圖》的主要背景即是這個城市的虹橋附近。']",(C)
exam-55070.doc,12.清朝大文人錢詠《履園叢話》載：至本朝順治初，良田不過二三兩。康熙年間，長至四五兩不等。雍正年間，仍復順治初價值。至乾隆初年。然余五六歲時（約乾隆30年），亦不過七八兩，上者十餘兩，今閱五十年（約嘉慶20年），競長至五十餘兩。錢詠所敘述的情形，與何者的關係最為密切？　,"['長江流域的開發\u3000', '人口移居臺灣\u3000', '人地比例惡化\u3000', '族群的文化交流。']",(C)
exam-55070.doc,13.有位弟子對老師說：「我看到滿街都是聖人。」老師回說：「路人看你也是聖人。」這位老師認為：聖人和路人有一共同點，路人如果能把這個共同點發揮擴大，就可以成為聖人。這是哪一種學說？　,"['陽明學說\u3000', '明末經世致用之學\u3000', '民胞物與\u3000', '兼愛說。']",(A)
exam-55070.doc,14.下列何者不是造成宋朝農業發達的要件？　,"['自安南引進早熟稻，使稻米的生產量躍居糧食產量的第一位\u3000', '首先使用江東犁和龍骨水車等新式的耕作器具\u3000', '在丘陵地區開墾梯田，湖泊地區開闢湖田和圩田，使耕地面積增加\u3000', '使用秧馬等先進的農業工具，提高效率。']",(B)
exam-55070.doc,15.「山外青山樓外樓，西湖歌舞幾時休，暖風吹得遊人醉，直把杭州當汴州。」請問這首詩描述的是哪個朝代的現象？　,"['東晉\u3000', '南朝\u3000', '北宋\u3000', '南宋。']",(D)
exam-55070.doc,16.漢唐以下，迄於明清，中國堅持以「天朝」體制對待邊族。不料竟在「嚴夷夏之防」的宋朝，降尊紓貴，多次與鄰邦敵國建立對等的外交。請問首開外交平等之例是發生在什麼時候？　,"['澶淵之盟\u3000', '紹興和議\u3000', '聯金滅遼後\u3000', '聯蒙古滅金後。']",(A)
exam-55070.doc,17.清朝攻下南京之後，下達全面薙髮的命令，在江陰、嘉定卻激起了激烈的反抗，漢人寧可因護髮而犧牲生命。對於這樣的行為，較為合理的解釋應為：　,"['對漢人而言，頭髮具有高度的文化象徵，雖被統治，也不能胡人衣冠\u3000', '薙髮嚴重影響一個人的美醜，漢民族為高度重視外在容貌的民族，故不願接受\u3000', '這段史事應是清朝所假造的，用以解釋他屠殺江陰、嘉定的藉口\u3000', '這段史事應為明朝遺民所假造，乃為了喚醒漢人的民族意識而作。']",(A)
exam-55070.doc,18.何人的變法被史家評為：「事大不可速成，人才不可急求，積弊不可頓革，儻欲事功急就，必為憸佞所乘」？　,"['王安石\u3000', '范仲淹\u3000', '商鞅\u3000', '張居正。']",(A)
exam-55070.doc,19.「尊長族人剪除兇惡，訓誡子弟，治以家法，至於身死，亦是懲惡防患之道，使不法子弟知所儆懼悛改，情非得已，不當按律擬以抵償」。這種情況可能出現在以下哪一個朝代？　,"['宋\u3000', '元\u3000', '明\u3000', '清。']",(D)
exam-55070.doc,20.中國的一般庶民本來不能自行設立家廟，這樣的規定到何時才解禁？　,"['宋\u3000', '元\u3000', '明\u3000', '清。']",(C)
exam-55070.doc,21.清朝入關之後，在北京有不少官僚士紳是「有更始之慶，而無亡國之痛」。其關鍵原因在於？　,"['清廷籠絡懷柔政策的成功，使他們立場改變\u3000', '此輩官僚士紳，為明朝剝削壓制，故歡迎新的統治者\u3000', '清廷同意維護他們既得利益，並且授予更多的特權\u3000', '北方漢化較淺，無忠貞節氣之士風。']",(A)
exam-55070.doc,22.金國建立後，不少君主皆致力於漢化，但以下哪一位例外？　,"['金熙宗宗  ', '海陵王\u3000', '金世宗\u3000', '金章宗。']",(C)
exam-55070.doc,23.黃仁宇《赫遜河畔談中國歷史》:「十二至十三世紀之交，中國面臨著一段艱苦的局面：……在全面動員長期預算膨脹下，南宋已經險象環生，而以財政上的紊亂為最。」請問下列何者最可能是上文所指的財政問題？　,"['銅錢短缺\u3000', '白銀短缺\u3000', '隱田問題\u3000', '多年天災。']",(A)
exam-55070.doc,24.以下關於明清士紳的敘述，何者錯誤？　,"['不少士紳利用特權「包攬錢糧」\u3000', '太平天國以來，士紳必須負責辦理團練\u3000', '必須參與造橋修路、興修水利工程等公共事務\u3000', '需負擔極重的稅捐。']",(D)
exam-55070.doc,27.某年江西正考官查嗣庭因引用詩經上「維民所止」四字為考題而獲罪。據此可知該考官為何時之人？又因何事入罪？　,"['明太祖、文字獄\u3000', '清聖祖、未自四書五經中出題\u3000', '清世宗、文字獄\u3000', '清高宗、散播反清思想。']",(C)
exam-55070.doc,28.宋明理學存有「尊德性」、「道問學」的入手歧見。下列引述，何者為道問學之主張？　,"['學苟知本，六經皆我註腳\u3000', '只在此心去人欲、存天理上用功便是\u3000', '若其心正，其事善，雖不曾識字，亦自有讀書之功。其心不正，其事不善，雖多讀書，有何所用？\u3000', '蓋為學之道莫先於窮理，窮理之要必在於讀書。讀書之法莫貴於循序而致精，而致精之本則在於居敬而持志。']",(D)
exam-55070.doc,30.下列有關唐、宋、元三朝財政、經濟的敘述，哪一項不合史實？　,"['唐朝的「兩稅法」，規定政府量入為出，依民戶的貧富等級課稅\u3000', '晚唐政府的稅收，除田賦外，以關稅、茶稅和鹽榷為最大宗\u3000', '宋朝的紙幣有「交子」、「關子」、「會子」等\u3000', '元朝的對外貿易超過宋朝，政府在沿海城市設立市舶司以管理對外貿易。']",(A)
exam-55070.doc,31.「……陷汴京，搜掘戚里、宗室、內侍、僧道、伎術之家，得金三十七萬八千兩，銀七百四十萬兩，衣緞一百四萬匹；將皇帝、皇后、親王、太子、妃嬪、公主、駙馬、宮戚諸臣共三千餘人北行……。」以上敘述係描述哪一史事？　,"['匈奴滅西晉\u3000', '安史之亂\u3000', '金兵滅北宋\u3000', '蒙古軍滅南宋。']",(C)
exam-55070.doc,32.這裡有四句宋明理學家的話，分別代表兩種學派：　(甲)知是行的主意，行是知的功夫　(乙)涵養須用敬，進學在致知　(丙)致知在格物，物格而後知致　(丁)天下之物本無可格者，其格物之，只在身心上做。請你分別一下，然後指出正確的選項為何？　,"['甲的知就是乙、丙所說的致知，皆屬程朱學派之言\u3000', '丙、丁對致知看法不同，不屬於同一學派之言\u3000', '乙、丙對致知的看法一致，是屬於陸王學派之言\u3000', '甲、丁對於知行與格物的看法應屬於程朱學派之言。']",(B)
exam-55070.doc,33.「土司制度」是針對少數民族地區而產生的一種特殊的統治制度，下列何者是正確的說明？　,"['從元朝實施到明朝\u3000', '此制度主要是針對東北地區的少數民族而設\u3000', '此制度有助族群之融合\u3000', '清雍正年間實施「廢土改流」，加強中央對邊疆地區的管理。']",(D)
exam-55070.doc,34.明朝小說中，作者詳細刻劃貪欲人生與腐敗社會，由於筆法細膩，描寫人性深刻銳利，是一部成功的寫實小說，也最能繼承宋元話本中的市井風情的是下列何者？　,"['《三國演義》\u3000', '《水滸傳》\u3000', '《西遊記》\u3000', '《金瓶梅》。']",(D)
exam-55070.doc,35.下列關於移民所帶來的影響，何者不正確？　,"['行政方面：邊疆的衛、所、堡、屯因移民繁衍成為重要的聚落或城鎮\u3000', '經濟方面：移入的充沛人力有助於遷入地的開發\u3000', '生態方面：大量移民進入山區，使得山區水土保持可以維持，天然植被續存\u3000', '文化方面：促成原籍與遷入地的文化交流。&nbsp;']",(C)
exam-55073.doc,重新載圖,"[' 6.關於下表，下列哪一個是合理的解讀？ ', '&nbsp;', '日治時代臺灣民眾遭受日人的經濟剝削 ', '日本殖民的策略為工業日本、農業臺灣']",(C)
exam-55073.doc,39.臺灣史上創辦的第一家電視公司是哪一家？ ,"['台視 ', '中視 ', '華視 ', '民視。 ']",(A)
exam-55101.doc,12. 在某一個場合中，甲乙丙丁對「本土化」與「多元化」進行評論，請選出哪些人的說法較適當：(甲)我們要朝向「多元化」發展，若要進行「本土化」策略，只會被視為是眼光短淺的措施；(乙)我認為本土化與多元化並無絕對的衝突，兩者可以相輔相成；(丙)一定要發展本土化，如此才能有臺灣的主體性，多元化根本是不可能的；(丁)其實本土化也可以視為是多元化的一部分，只是呈現方式不同而已。    ,"['甲乙丁  ', '甲乙丙  ', '乙丁  ', '甲丙。']",(C)
exam-55101.doc,14. 老師指著一幅畫，對一群學生說：「畫家深受國外畫風的影響，可是後來卻從中國藝術傳統中汲取養分。他的畫作，企求超脫自然，掙離形象。」這個畫家可能是以下何者？ ,"['廖繼春  ', '張大千  ', '洪通  ', '李梅樹。']",(A)
exam-55101.doc,16. 周朝宗法社會中，特別提倡「尊祖」，但是只有何種身分者才有主祭祖先之特權？　,"['支子\u3000', '宗子\u3000', '庶子\u3000', '別子。 ']",(B)
exam-55101.doc,23. 夏商周三代的歷史發展，其相關位置，何者正確？　,"['夏─商─周\u3000', '商─夏─周\u3000', '夏─周─商\u3000', '周─夏─商。']",(D)
exam-55101.doc,25.. 推動「新石器革命」的原動力為何？,"[' 農業的發明', ' 陶器的發明', ' 文字的發明', ' 鐵的發明']",(A)
exam-55101.doc,28.「視人之國，若視其國；視人之君，若視其君；視人之身，若視其身。」出於何家思想？ ,"['法家\u3000', ' 墨家\u3000', '儒家\u3000', '道家\u3000']",(B)
exam-55101.doc,29.	從春秋戰國時代寒微出身仕宦人數的增加，顯示當時社會垂直流動性極大，並從而印證下列哪些現象？(甲)尚賢思想取代世官世祿；(乙)私學沒落，官學興起；(丙)經濟發展，工商業者富甲一方，受到國君重用；(丁)國君追求富強，用人唯才　,"['甲丙丁\u3000', '甲乙丙丁\u3000', '甲乙丁\u3000', '甲丁。']",(A)
exam-55101.doc,30 	現代科技愈進步，對自然生態的破壞愈嚴重，為了拯救地球，我們對先秦哪一學派順其自然的天道觀念，更由衷的景仰？　,"['儒家\u3000', '墨家\u3000', '道家\u3000', '陰陽家。']",(C)
exam-55101.doc,32. 從「春秋五霸」到「戰國七雄」的歷史發展，表現出何種趨勢？　,"['國家數目愈多，國君權力愈來愈大\u3000', '國家數目愈來愈少，國君權力愈來愈大\u3000', '國家數目愈多，國君權力愈來愈小\u3000', '國家數目愈來愈少，國君權力愈來愈小。']",(B)
exam-55101.doc,33. 楚威王聞莊周賢，想禮聘為相，莊周笑說，他寧可做一曳尾於途中的自由龜，不願做一個被供奉在廟堂上的神龜，且說：「子去，無汙我。我寧游戲汙瀆之中自快，無為有國者所羈，終身不仕，以快吾志焉。」從這故事可以看出莊子的何種思想？　,"['生死可以齊觀\u3000', '重利而輕生\u3000', '自由曠達人生觀\u3000', '以道觀之，則物無貴賤。']",(C)
exam-55101.doc,34有位歷史人物對禮法的看法是：「湯武不循古而王，夏殷不易禮而亡，反古者不可非，而循禮者不足多（讚美）。」他曾任官職，獲得實踐理念的機會，史書對他則有如下的記載：「為田開阡陌封疆，而賦稅平；平斗桶、權衡、丈尺。行之四年，公子虔犯約，劓之。」請問此人是誰？　,"['子貢\u3000', '商鞅\u3000', '孔子\u3000', '韓非子。']",(B)
exam-55101.doc,35. 在西周的封建社會中，每個貴族從出生到死亡，無論是待人接物、祭祀活動或者政治與軍事行動，都要受到禮樂的制約。趙六為當時封建系統中的大夫，請問下列哪一項他的行事合乎其名分？　,"['向周王室「問鼎之輕重」\u3000', '在家廟中行八佾舞制\u3000', '向采邑土地上的人民徵收賦稅\u3000', '要求諸侯出動人力為其服勞役或打仗。']",(C)
exam-55101.doc,36.春秋戰國時代貴族沒落，平民崛起原因不包括下列何項？　,"['世官世祿制的限制\u3000', ' 平民居住城郭中，權利受保障、生活均獲改善、勢力龐大。\u3000', '戰爭頻仍，失敗的貴族淪為下層，帶兵的平民將領得躍高位\u3000', '經濟情況變動，不少平民經商致富\u3000 ']",(B)
exam-55101.doc,37 	有關西周的禮樂制度，下列敘述何者錯誤？　,"['封建與宗法制度的實行，皆須依據禮樂制度\u3000', '禮樂為西周社會的規範，故無分貴庶\u3000', '禮的實行須配合樂舞，貴族依爵位的不同，而有不同的禮樂\u3000', '禮樂是鞏固封建體制的重要規範。&nbsp;']",(B)
exam-55736.doc,1.日治時期臺灣的抗日事件中，唯一與同盟會有關聯的是下列哪一事件？	,"['苗栗事件', '西來庵事件', '後 壁林事件', '霧社事件']",(A)
exam-55736.doc,2.日治時期臺灣生產的米、糖，大多經由哪一個港口運輸至日本？	,"['基隆港', '淡水港', '臺中港', '高雄港']","(A,D)"
exam-55736.doc,4.有學者指出，清代臺灣平埔族的「儒化」，以某教育機構為起點，而該機構的對象從兒童開始。到了十八世紀 中葉，「平埔族村社、家庭組織仍在，但受儒化教育的兒童，不斷地進人村社，改變平埔族社會的文化價值。」 請問這個教育機構是,"['儒學', '書院', '書房', '社學']",(D)
exam-55736.doc,6.有幾個同學討論日本在臺灣實施的皇民化運動。雷茲：「臺灣在日治後期成為臺語與日語並用的雙語社會。」• 提摩：「日本撤廢學校漢文科，各報刊廢止漢文欄，造成一些作家沒有發表圜地。」蓋倫：「正廳改善運動使很 多臺灣人從此改信神道教。」易大師：「當時的布袋戲被禁演，不然就是換穿和服、講日語、拿武士刀才能演出。」 他們當中誰說錯了？ ,"['雷茲', '提摩', '蓋倫', '易大師']",(C)
exam-55736.doc,7.今天的臺中市清水區，原名「牛罵頭」，曾為平埔族（巴布拉族）的主要聚落之一。牛罵頭在經歷過清朝的某 次民變後，被官方改稱為「感恩」，請問此與何項史事有關？ ,"['大甲西社事件', '朱一貴事件', '林爽文事 件', '戴潮春事件']",(A)
exam-55736.doc,8.霞海城隍廟是大稻埕最著名的廟宇，每年的城隍祭典更是臺北最盛大的祭典。其建立乃因咸豐三年，「頂下郊 拼」後，械鬥失敗的同安人帶著神像遷往大稻埕發展，於咸豐九年興建。請問當時的「頂下郊拼」屬於哪一種 分類械鬥的形式？ ,"['不同袓籍之爭', '不同姓氏之爭', '職業團體之爭', '商業利益之爭']",(D)
exam-55736.doc,9.清中葉以後，臺灣的社會文風逐漸興盛，加上開港通商的新情勢之下，形成了新興的社會領導階層。請問下列 何者不屬於這類新興的領導階層? ,"['透過捐官而躋身士紳的望族', '參與科舉取得功名的士紳', '參與土 地拓墾的地主豪強', '經營貿易而致富的買辦']",(C)
exam-55736.doc,10.伊澤瑞爾在讀書的時候一邊讀一邊做筆記，從他的筆記上可以看到這三個重點：（一)清領時期臺灣大規模的民 變，領導者自羅漢門率眾攻陷臺灣府城，自稱「中興王」，建國號「大明」；（二)初期閩客合作，客籍杜君英率 眾響應；（三)受此民變影響，亂平後，臺灣增設彰化縣、淡水廳。請問伊澤瑞爾正在讀的是哪一事件？,"[' 爽文事件', '郭懷一事件', '朱一貴事件', '戴潮春事件']",(C)
exam-55736.doc,13.有幾位同學正在討論1858年第一次英法聯軍後，天津條約内要求開放的港口中包含「臺灣」及淡水兩口岸的 原因，大家各持不同的看法。請指出哪個人的理由最可信？ ,"['兩地分處臺灣島南北，軍事位置重要，英法兩 國均希望建鐵路貫穿', '荷蘭人與西班牙人曾經在這兩地殖民，基礎穩固，英法統治較易', '兩個地方的人口 密集，有許多教友活動，開放通商對傳教較為便利', '「臺灣」在嘉南平原糖產區，而淡水為樟腦集散地，有 重大商業利益']",(D)
exam-55736.doc,15.根據資料統計，1902年時，東京的臺灣留學生為30餘人’至1920年時已增至949人。關於此發展的理解’以下 選項何者最為恰當? ,"['臺灣的基礎教育十分普及', '總督府的教育政策相當成功', '臺灣的中高等教肓仍 然不足', '臺灣民眾的抗日意識已經瓦解']",(C)
exam-55736.doc,"16.建築物可說是歷史的最佳見證，臺灣在不同時期不同政權之下出現了許多種不同風格的建築’請將下列的建築 物按建築的時間先後排列：（甲）「全臺首學」臺南孔廟；（乙)獅球嶺隧道•,（丙)橋頭糖廠；（丁）億載金城；（戊） 萬金聖母殿。正確的選項是：","['甲丙丁戊乙', '丙甲丁戊乙', '甲戊丁乙丙', '丁丙甲戊乙']",(C)
exam-55736.doc,17.	t亙春的古名是「琅嶠」，有關此地的歷史發展下列敘述何者正確？ ,"['位於南部開發時間較早’所以清治初期 單獨設縣治理', '受牡丹社事件衝擊，清廷才在此立縣建城', '瑕嶠地區原住民極為排外’故在政治立場上 多支持清廷', '許多涉外事件皆發生在此地’如羅妹號事件、必麒麟事件與牡丹社事件']",(B)
exam-55736.doc,18.某部電影情節如下：「10月8日，800名軍人在淡水沙盡登陸，被埋伏三方的軍隊反擊，300餘名被擊斃，14名被 活捉。由於在陸上無法得逞，該國乃自10月23日起’封鎖臺灣海峽各海口，造成沿海漁民、商人的生命財產頗 多損失，物價也因此騰漲。」請問：這應是指下列哪一場戰事？ ,"['中法戰爭', '甲午戰爭', '乙未割讓', ' 牡丹社事件']",(A)
exam-55736.doc,19.	1895年馬關條約簽定後，臺灣成為日本第一個海外殖民地，為了有效控制臺灣，歷任總督採取不同措施。其下 列敘述，何者正確? ,"['1896年日本公布《法律第六十三號》，授權總督得頒布具法律效力之命令', '為了高 壓統治臺灣人民，自始至終臺灣總督皆為武官擔任', '兒玉源太郎充分利用了保甲制度，大部分地區都不需要 警察', '後藤新平任總督期間，採取鎮撫兼施策略，抗日因而減少']",(A)
exam-55736.doc,20.從日治時代初期展開的一連串基礎調查，如土地調查、舊慣調査、人口普査、林野調查，到幣制與度量統一	’ 以及島內的交通、基礎建設等等，其背後的目的為何？ ,"['為提供日本資本家投資、侵奪資源之機會', '造 福臺灣人民的利益', '鼓勵西方資本家來臺投資', '拉攏中國商人來臺投資']",(A)
exam-55736.doc,22.某一時期的臺灣，鴉片由政府專賣，而且法律規定：「凡是向官府登記在案，並繳納 稅金者，即可合法吸食鴉片。」但是具有「某種身分者」不准吸食，如果供應這種 人吸食工具者，皆處以死刑。這裡所謂「某種身分者」是指：,"['原住民', '荷蘭 人', '日本人', '本島人']",(C)
exam-55736.doc,23.清朝以來臺灣的土地開發，逐漸形成一田二主(大租戶-小租戶-佃戶)的結構。後 來，在某個時期，政府為了解決財政不足的問題，除了清查全臺土地，防止逃漏稅 外，更以行政命令，剝奪某個層級地主的土地所有權，而以政府發行的公債以及現 金作為補償。如此一來，政府就可以向直接經營土地者徵稅，擴大徵稅對象，稅收 也可以增加了。這次的土地所有權變動可能是指,"['鄭成功實施屯田制', '劉銘 傳行減四留六法', '日本取消了大租權', '民國政府三七五減租']",(C)
exam-55736.doc,27.日治時期的臺灣作家賴和，寫了一首〈南國悲歌〉的新詩：「兄弟們丨來！來！來！來和他們一拼!憑我們有這 一身，我們有這雙腕，休怕他毒氣、機關槍丨休怕他飛機、爆裂彈！兄弟們！來！和他們一拼!」請問這是描 述哪一件事？ ,"['霧社事件', '西來庵事件', '苗栗事件', '林少貓抗日']",(A)
exam-55736.doc,29.日治時期曾採用懷柔和獎勵的某政策治理臺人：「對當時臺灣全家都能說「國語」的家庭，給予認證。由指定的 認證人員到家中對所有成員進行□試，通過申請即成為國語家庭，可獲得證書、獎章、以及刻有國語家庭字樣 的門牌，而成為國語家庭之後就吋以在各項考試、求職、配給上享有優待」。請問此政策施行的原因為何？ ,"[' 使臺灣成為現代雙語社會', '實現殖民地差別待遇的教育目標', '避免英美各國在臺勢力增長', '改變臺 人的政治與文化認同意識']",(D)
exam-55736.doc,31.阿璃今年（2013	)已經八十九歲，她回想起自己在日治時代的生活，下列哪一敘述不符合史實? ,"['她小時候 讀的是公學校', '她六歲時，正逢政府大力鼓吹更改日本姓名，父親因此為她改名為小川櫻子', '十六歲時 就讀臺南師範期間，因響應當時政府推行的「國語」運動，而由官方頒授「國語家庭」的榮譽牌子', '十九歲 時臺北不斷遭受美軍空襲，臺灣人死傷慘重，為了躲避戰火與家人疏散到鄕間']","(B,D)"
exam-55736.doc,33.李星是乾隆末年時人，從大陸的家鄉(彰州府)遷到臺灣的南投地區。他在當地開墾土地並且育有六子，其死後留 下公產三甲作為祭祀公業，由六房輪流耕作。輪到耕作公田者，則需負責該年祭神祖先的費用。請問這種祭祀 組織屬於下列何者？,"['唐山祖', '神明會', '開臺祖', '轎班會']",(C)
exam-55736.doc,34.有一個人在臺灣發生朱一貴事件之後，被清廷挑選為任首任巡臺御史，任内期間頗能關懷民眾，尤其是原住民 的處境。因巡視各地，考察攻守顯隘、海道風信的見聞，而著有《臺海使槎錄》。請問這位巡臺御史是? ,"[' 藍鼎元', '丁日昌', '劉銘傳', '黃叔撒']",(D)
exam-55736.doc,35.某一個重大事件發生後，政府發布了一項規定：凡是寺廟團體的管理人、僧道術士、女巫、卜卦、看命、食菜 等人，均在受查的行列，必須在時間之內，親自帶著帳籍土地臺帳謄本，還有相關的書類資料，親自接受調查° 其他像是各寺廟團體所慣用的法器、龜殼竹籤之類的工具，也要一併攜帶，讓官員得以檢閱。請問這一重大事 件可能是指哪一件事? ,"['後壁林事件', '噍吧哞事件', '苗栗事件', '霧社事件']",(B)
exam-55736.doc,36.	「臺北雖已淪陷，但中南部反抗態度依然堅定，不少民眾組織義軍，為保衛家圜而戰，在軍隊推至新竹、苗栗 後，攻勢逐漸受阻，因當地義軍尚武風氣較盛，無論男女老少，均投入戰鬥的行列，雖發動多次攻擊，重創官 方軍隊，最後仍因官方軍隊火力強大，義軍節節敗退，最後也是最慘烈的是彰化八卦山之戰，義軍犠牲慘重’ 領袖皆壯烈成仁。」上述的「義軍」是指何者？ ,"['林爽文領導的抗清義軍', '丘逄甲率領的臺灣民主國軍 隊', '吳湯興率領的抗日義軍', '林少貓指揮的抗日義軍']",(C)
exam-55736.doc,38.受某條約的影響，台灣成為他國的屬地。此時，當地仕紳自行推舉領導人，成立自治政府’等到事平之後’再 回歸於祖國。但隨後不久台灣政府的首腦們，卻爭先恐後地逃跑了。賴和曾以詩作描述此事：「旗中黃虎尚如生’ 國建共和竟不成！」。請問上文主要敘述的是以下何事？,"['台灣民主國的成立', '台灣文化協會的分裂', '大 明慈悲國的瓦解', '中國同盟會革命行動地展開']",(A)
exam-55791.doc,1.(	)臺灣舊石器時代的人骨化石是在哪一市鎮出土？ ,"['臺北', '臺南', '台東', '新竹。']",(B)
exam-55791.doc,3.(	)哪一史前遺址的發現成為臺灣考古工作的開端？ ,"['芝山岩遺址', '左鎮遺址', '大坌坑遺址', '十']",(A)
exam-55791.doc,5.(	)十三行文化與臺灣哪一原住民族有關？ ,"['阿美族', '卑南族', '凱達格蘭族 ', '排灣族。']",(C)
exam-55791.doc,8.( ) 一群考古隊在臺灣西部發現一處文化遺址，找到了打製石器及漁撈、狩獵的角器、石器等，卻沒有找到陶 器。請問這個遺址最可能是？ ,"['網形文化', '大坌坑文化', '芝山岩文化', '墾丁文化。']",(A)
exam-55791.doc,27.(	)下列何者是明鄭治台時期「營盤田」所在之地？ ,"['王田', '官田', '七股', '前鎮。']",(D)
exam-55791.doc,【題組】,"['43.(\t)承上題，讓『阿河巴草原』不斷的『水田化』的關鍵是哪一水圳的開鑿？ ', '八堡圳', '曹公圳', '']",(D)
exam-62818.doc,1.  就我們所知的臺灣歷史中，曾經歷過六次非原住民統治的外來政權，而且統治時間不一，以下四個統治政權請選出治臺時間由短而長的順序，甲.日本、乙.荷蘭、丙.清朝、丁.明鄭。,"['乙丁甲丙；', ' 丁乙丙甲；', '甲丙乙丁；', '丁乙甲丙。']",(D)
exam-62818.doc,2.  臺灣的史前文化根據考古學者的研究標準可先後分為五個時期，而在這五個時期當中亦挖掘出不少文化遺址，其中以下有五個文化遺址各自代表著某個文化時期，若按照這五個文化分期的先後順序，請選出這五個文化遺址的先後年代順序，甲.大坌坑、乙.十三行、丙.長濱、丁.卑南、戊.圓山。,"['丙甲戊丁乙；', '甲丙丁戊乙；', '丙丁甲乙戊；', '丁甲丙乙戊。']",(A)
exam-62818.doc,3.  宣瑄趁著中秋節假期和家人回到臺灣南部的鄉下玩，她在車上想起歷史老師說過南部有大湖、牛罵頭、蔦松、左鎮這四個史前文化遺址，其中有一個她記錯了，請你幫她找出哪一個記錯了,"['大湖；', '牛罵頭；', '蔦松；', '左鎮。']",(B)
exam-62818.doc,4.  1980年代由於鐵路的開鑿發現了距今約三千年的卑南文化遺址並且還找到了與芝山岩遺址相似形態的人獸形玉玦，而根據考古學家的研究發現了卑南文化與臺灣目前某一高山族原住民有類似的淵源，試問此高山族最不可能是以下何族？,"['阿美；', '卑南；', '西拉雅；', '排灣。']",(C)
exam-62818.doc,5.  1895年日清簽訂乙未條約，約中清朝政府將臺灣割讓日本，隨後日本派遣不少人員來臺進行調查工作，其中考古學者馬上在1896年發現了臺灣的一個史前文化遺址，請問這個最早被日本挖掘出的文化遺址為以下何者？,"['左鎮；', '長濱；', '牛稠子；', '芝山岩。']",(D)
exam-62818.doc,6.  考古學者在臺中大甲挖到不少的鐵器、手製或輪製的陶器，時間距今約1500年，學者將其命為番仔園文化，試問以下哪個史前文化與其在類型年代分期最為接近？,"['靜浦文化；', '麒麟文化；', '營埔文化 ', '大湖文化。']",(A)
exam-62818.doc,7.  目前臺灣所見出土文化遺址中，首見「稻米栽培」證據是出現在下列哪一個文化遺址？,"['大坌坑文化；', '牛稠子文化；', '卑南文化；', '蔦松文化。']",(B)
exam-62818.doc,8.  全臺及附屬島嶼已有1200多處文化遺址出土，而至目前為止發現最大規模的史前遺址為何者？,"['芝山岩文化；', '大坌坑文化；', '卑南文化；', '十三行文化。']",(C)
exam-62818.doc,9.  臺灣平埔族主要分布在臺灣西部，其中哪一族的活動區域沒有靠近海邊？,"['洪雅；', '道卡斯；', '巴布拉；', '巴則海。']",(D)
exam-62818.doc,10.  正在寫「原住民單元」歷史作業的欣昀遇到了困難，因為有一題關於擅長漁撈的高山族，她只記得有達悟、阿美兩族，但還忘了一個，你能幫她找出應該還有哪一個嗎？,"['邵族；', '賽夏族；', '布農族；', '泰雅族。']",(A)
exam-62818.doc,11.  關於原住民的社會組織型態有許多種類，其中何族屬於貴族社會？,"['賽夏族；', '魯凱族；', '布農族；', '卑南族。']",(B)
exam-62818.doc,12.  豐安有一回上臺北玩，經過總統府前，他發現眼前的路竟是前幾年最「紅」的一條路-「凱達格蘭大道」，此路原本叫做「介壽路」，之所以要改這樣名稱的路名，應與以下何者有關？,"['荷蘭人曾在此地建置城堡；', '高山族曾在此舉行祭典；', '平埔族曾活躍於此地；', '日本倭寇曾在此地打敗清軍。']",(C)
exam-62818.doc,13.  正在閱讀《裨海紀遊》的柏辰，他發現作者郁永河曾在書中寫道：有一支名為金包里社的原住民擅長與日人及漢人做貿易，其族人知「會計」、能精打細算，且善於航海，試問此族應為以下何者？,"['巴則海族；', '西拉雅族；', '達悟族；', '馬賽族。']",(D)
exam-62818.doc,14.  亮寬與亮華相約暑假到臺東旅遊，其中他們到了某一海島，發現有不少男子穿著「丁字褲」、乘著「拼板舟」，在海上捕撈「飛魚」，他們遇到的可能是原住民的哪一族？,"['達悟族；', '卑南族；', '噶瑪蘭族；', '西拉雅族。']",(A)
exam-62818.doc,15. 經常去東南亞旅遊的律婷，在一次旅行過程中發現印尼與菲律賓等處當地居民，與臺灣原住民中的阿美族同樣有以頭頂物的習慣，後來經由歷史老師課堂講述才得知，原來他們都屬於以下何種語系，才有共同的表現？,"['漢藏語；', '南島語；', '閃米語；', '印歐語。']",(B)
exam-62818.doc,16. 課堂上歷史老師帶領大家討論陳第的《東番記》時，班上幾位同學發表了以下意見，其中家弘說：「其反映了臺灣十八世紀時原住民的生活型態。」家誌說：「當時因為沒有漢人能通曉原住民的語言，所以陳第只好靠自己的觀察來做紀錄，已經算是忠實呈現原住民的生活型態了。」志鵬說：「陳第當時要求與打擊『倭寇』的沈有容將軍同行，故有機會登陸臺灣南部，留下這篇珍貴的紀錄。」立哲說：「陳第的偉大，在於其對原住民的觀察非常廣泛，包括泰雅族、排灣族等皆有公正而客觀的描述。」請問：以上四位學生何者對陳第的《東番記》了解才是正確？,"['家弘；', '家誌；', '志鵬；', '立哲。']",(C)
exam-62818.doc,17. 陳第《東番記》與荷蘭人的《蕭壠城記》所觀察到的原住民，時間僅有二十多年的差距，但陳第卻用「番」為題，荷蘭人則用「城」來描述，其最有可能的原因是 ,"['因為荷蘭文化不如原住民文化，故荷蘭人看到原住民的村落大為驚訝；', '因為陳第接觸的原住民文化較荷蘭人所接觸的原住民文化更為落後；', '因為原住民在這二十多年間大量接觸漢文化，生活水平大幅進步；', '因為陳第具有文化的優越感，認為原住民仍未開化，而荷蘭人則可能因為接觸過亞洲其他原住民，較能以欣賞的眼光來描述。']",(D)
exam-62818.doc,18. 清人季麒光曾說：「從來臺灣無人也，斯庵來而始有人矣。臺灣無文也，□來始有文矣。」也有學者認為「臺灣之教育，實始自□教學番社，始繼荷人而教以漢字也。」請問：□中應填入何人？,"['沈光文；', '鄭經；', '陳永華；', '鄭成功。']",(A)
exam-62818.doc,19. 智凱去圖書館借了一本介紹十六世紀的臺灣之書籍，其中有一段文字敘述如下：「他們從澳門直航或從印度的果亞北上日本時，偶然經過臺灣看到了蒼鬱美麗的寶島，忍不住讚嘆不已，稱為『福爾摩沙』。」請問：「他們」指的是哪一國人？,"['西班牙人；', '葡萄牙人；', '荷蘭人；', '日本人。']",(B)
exam-62818.doc,20. 子懿雙十節與家人去澎湖玩，其中有一個行程是馬公天后宮，子懿想起歷史老師曾說過此廟是臺灣地區最早的媽祖廟，其中廟裡有一石碑：「沈有容諭退紅毛番韋麻郎」。請問這塊石碑透露出何種歷史意義？,"['碑文所稱的「紅毛番韋麻郎」應是西班牙東印度公司人士；', '此碑表示中國朝廷對西方宣告了臺澎主權的不容侵犯；', '此碑表示當時的朝廷繼承了元代對澎湖一帶的所有權；', '此事件說明了中國當時海外殖民遇上強勁的歐洲對手。']",(C)
exam-62818.doc,21.  □勸說鄭成功攻取臺灣：「臺灣沃野千里……，使人耕種，可以足其食。……，且橫絕大海，肆通外國，置船興販，桅舵、銅鐵不憂乏用。」請問：□□應填入何人？,"['施琅；', '陳永華；', '劉國軒；', '何斌。']",(D)
exam-62818.doc,22. 有關鄭氏政權在臺灣的統治，以下記載何者有誤？,"['權臣馮鍚範、劉國軒謀害鄭經，擁立鄭克塽；', '鄭經與清五度議和，堅持比照朝鮮事例、不薙髮、世守臺灣、稱臣納貢；', '鄭成功稱臺灣為東都，鄭經稱東寧；', '施琅原為鄭成功部下，是降清攻臺灣的將領。']",(A)
exam-62818.doc,23. 現在臺南有「新營」、「林鳳營」、「柳營」，高雄有「前鎮」、「左營」、「仁武」等地名。這些地名和哪一時期的「營盤田」所在地有關？ ,"['荷據時期；', '明鄭時期；', '清治時期；', '日治時期。']",(B)
exam-62818.doc,26. 臺灣在十七世紀中葉發生一場血腥屠殺事件，其原因是漢人不能保有自己開墾的土地，必須聽從政府當局的調遣，而且不能隨意與土著交易，因此對當局產生不滿，意圖起事，最後導致大量漢人被殺，使漢人移民大幅減少。請問：此一事件為何？,"['郭懷一事件', '朱一貴事件；', '林爽文事件；', '濱田彌兵衛事件。']",(A)
exam-62818.doc,28. 下列有關清朝治臺政策的敘述，何者正確？,"['康熙及施琅均認為「臺灣僅彈丸之地，得之無所加，不得無所損。」主張「遷其人棄其地」；', '清初為防臺而治臺，故駐軍以八旗軍為主，防止漢人叛變，另有臺灣鎮總兵管理治安；', '實施渡臺禁令，直到沈葆楨的奏請下才解除禁令；', '清初臺灣行政上，隸屬臺灣省，下有臺灣廈門兵備道，再下則為臺灣府及各縣。']",(C)
exam-62818.doc,29. 前中研院近史所所長郭廷以曾評論一位與臺灣有密切關係的歷史人物：「從民族革命的觀點來論，□應是一個罪人，從國家統一的觀點來論，則是一位功臣。而其力爭臺灣之斷不可棄，則於民族國家均有功。」試問：他說的□應是指何人？,"['郭懷一；', '何斌；', '陳永華；', '施琅。']",(D)
exam-62818.doc,30. 喜愛研究臺灣俚語的祐豪，有一次讀到「有唐山公，無唐山媽」與「番兒至老無妻」這些俚語，這樣類型的俚語可以反映以下哪一種事實？,"['清朝頒佈渡臺禁令的負面影響；', '漢人娶高山族婦女為妻為普遍現象；', '漢人婦女不願嫁給漢人男子而選擇高山族男子；', '平埔族男子不願娶高山族婦女而終老一生。']",(A)
exam-62818.doc,35. 下列關於「土牛紅線」的說明，何者正確？ ,"['明鄭時期，為防止清朝派兵攻臺所設立的防線；', '清朝治臺時期，為防止漢人侵墾原住民土地而劃定的漢番界線；', '荷據時期，為防止中、日商人商務糾紛所劃分的商務界線；', '日治時期，為防止日本人和臺灣百姓衝突所設立的界線。']",(B)
exam-62818.doc,36. 下列何者不屬於清代臺灣三大民變？,"['朱一貴之亂；', '林爽文之亂；', '郭懷一之亂；', '戴潮春之亂。']",(C)
exam-62818.doc,37. 品蓉與宜庭暑假去臺南遊玩，她們去了臺南著名古蹟「赤崁樓」，一進入門處，兩人看見前方矗立九隻狀似烏龜的贔屭，上方皆有放置石碑，兩人詳閱碑文後發現這是為了紀念平定某一亂事所設立的，請問此一亂事為以下何者？,"['蔡牽；', '朱一貴；', '郭懷一；', '林爽文。']",(D)
exam-62818.doc,38. 家住「霞海城隍廟」附近的亦廷，聽外公說起這間廟是臺北大稻埕地區最著名的廟宇，每年的城隍祭典更是臺北最盛大的祭典。其源於咸豐三年「頂下郊拼」後，械鬥失敗的同安人，帶著神像遷往大稻埕發展，於咸豐九年興建。你能幫亦廷正確地回答出當時的「頂下郊拼」是屬於哪一種分類械鬥的形式嗎？,"['商業利益；', '不同祖籍；', '職業團體；', '不同姓氏。']",(A)
exam-62818.doc,40. 開臺進士鄭用錫之所以成為清代臺灣第一位進士，是因為他陸續通過清代選才科舉制度，計有：甲-會試、乙-鄉試、丙-殿試、丁-縣試，請問他通過考試先後順序以下何者正確？,"['乙丁丙甲；', '乙丁甲丙；', '丁乙甲丙；', '丁乙丙甲。']",(C)
exam-62818.doc,41. 某次讀書會中，大家針對臺灣的科舉，提出各自的相關資料。士淵說：康雍年間臺灣上層的士紳大多是武舉出身，乾隆初期才開始有文舉人，而文進士的出現更是乾隆中期以後的事了。亦倫說：許多家族在經商致富、開墾有成之後，紛紛鼓勵子弟轉向科舉，求取功名。請問：同學們所說的這種現象應該是下列何者？,"['現代化；', '本土化；', '土著化；', '內地化。']",(D)
exam-62818.doc,42. 雍正十一年（1733）張達京與土官訂約，以割地換水的方式修築上下埤，並拓墾臺中平原西北部一帶，試問：此地所述的水利設施為下列何者？,"['貓霧拺圳；', '八堡圳；', '瑠公圳；', '曹公圳。']",(A)
exam-62818.doc,43. 為了寫「生涯規劃」課程所指定的參觀大學名校報告，號稱「三陳」的冠群、詩儒和繼明三人，想起歷史老師曾提到臺南「成功大學」是一所擁有日氏建築特色的南部名校，因此趁著寒假搭乘「臺灣高鐵」到臺南一遊，除了成大之外，他們還可以到幾個上學期讀過的歷史古跡遊歷一番，例如：甲「億載金城」、乙「安平古堡」、丙「五妃廟」、丁「德記洋行」、戊「全臺首學-孔廟」，聰明的你能否幫助他們把這五個古蹟按照出現時間順序加以排列？,"['乙丙戊丁甲；', '乙戊丙丁甲；', '乙丁戊丙甲；', '戊丙乙甲丁。']",(B)
exam-62818.doc,45. 施琅是臺灣歷史上毀譽參半的一位重要人物，以下關於他的敘述何者正確？,"['曾為明鄭王朝部下，但因鄭克塽即位，而為馮錫範排擠而歸降清朝；', '在三藩之亂中得到康熙皇帝的支持而收復臺灣；', '收復臺灣後曾力爭「勿棄臺灣」與廢止「渡臺禁令」，但前者成功而後者卻失敗；', '其家族後代如施世榜等人曾於嘉義地區修築八堡圳。']",(D)
